date,shift,process,line,target,actual,target_mi,actual_mi,target_ate,actual_ate
2026-07-04,NIGHT,MI,MI 2,0.0,0.0,681.0,380.0,2700.0,2500.0
2026-07-04,NIGHT,MI,MI 3,0.0,0.0,681.0,2360.0,2700.0,2539.0
2026-07-04,NIGHT,MI,MI 4,0.0,0.0,740.0,700.0,2744.0,1195.0
2026-07-04,NIGHT,MI,MI 5,0.0,0.0,624.0,445.0,2585.0,2495.0
2026-07-04,NIGHT,MI,MI 6,0.0,0.0,391.0,466.0,1550.0,1566.0
2026-07-04,NIGHT,MI,MI 7,0.0,0.0,456.0,134.0,1235.0,503.0
2026-07-04,DAY,MI,MI 2,0.0,0.0,2860.0,2860.0,2860.0,266.0
2026-07-04,DAY,MI,MI 3,0.0,0.0,798.0,2860.0,2860.0,3158.0
2026-07-04,DAY,MI,MI 4,0.0,0.0,781.0,2775.0,2800.0,2685.0
2026-07-04,DAY,MI,MI 5,0.0,0.0,535.0,2215.0,2611.0,2062.0
2026-07-04,DAY,MI,MI 6,0.0,0.0,481.0,554.0,1723.0,1269.0
2026-07-04,DAY,MI,MI 7,0.0,0.0,366.0,414.0,1310.0,1071.0
2026-07-06,DAY,MI,MI 2,0.0,0.0,759.0,253.0,2720.0,0.0
2026-07-06,DAY,MI,MI 3,0.0,0.0,798.0,0.0,2860.0,0.0
2026-07-06,DAY,MI,MI 4,0.0,0.0,391.0,0.0,1400.0,0.0
2026-07-06,DAY,MI,MI 5,0.0,0.0,535.0,0.0,2556.0,0.0
2026-07-06,DAY,MI,MI 6,0.0,0.0,479.0,0.0,1717.0,0.0
2026-07-06,DAY,MI,MI 7,0.0,0.0,377.0,0.0,1352.0,0.0
2026-07-04,DAY,AI,SA01,1839.0,2182.0,0.0,0.0,0.0,0.0
2026-07-04,DAY,AI,SA02,1486.0,1162.0,0.0,0.0,0.0,0.0
2026-07-04,DAY,AI,SA03,1060.0,1269.0,0.0,0.0,0.0,0.0
2026-07-04,DAY,AI,SA04,1839.0,2149.0,0.0,0.0,0.0,0.0
2026-07-04,DAY,AI,SA05,1255.0,1050.0,0.0,0.0,0.0,0.0
2026-07-04,DAY,AI,SA07,1060.0,1321.0,0.0,0.0,0.0,0.0
2026-07-04,DAY,AI,SA08,1060.0,1323.0,0.0,0.0,0.0,0.0
2026-07-04,DAY,AI,SA10,1060.0,1217.0,0.0,0.0,0.0,0.0
2026-07-04,NIGHT,AI,SA01,1769.0,0.0,0.0,0.0,0.0,0.0
2026-07-04,NIGHT,AI,SA02,1429.0,0.0,0.0,0.0,0.0,0.0
2026-07-04,NIGHT,AI,SA03,1020.0,0.0,0.0,0.0,0.0,0.0
2026-07-04,NIGHT,AI,SA04,1769.0,0.0,0.0,0.0,0.0,0.0
2026-07-04,NIGHT,AI,SA05,510.0,0.0,0.0,0.0,0.0,0.0
2026-07-04,NIGHT,AI,SA07,1020.0,0.0,0.0,0.0,0.0,0.0
2026-07-04,NIGHT,AI,SA08,1020.0,0.0,0.0,0.0,0.0,0.0
2026-07-04,NIGHT,AI,SA10,1020.0,0.0,0.0,0.0,0.0,0.0
2026-07-03,DAY,AI,SA01,1855.0,1985.0,0.0,0.0,0.0,0.0
2026-07-03,DAY,AI,SA02,1645.0,1543.0,0.0,0.0,0.0,0.0
2026-07-03,DAY,AI,SA03,1060.0,1142.0,0.0,0.0,0.0,0.0
2026-07-03,DAY,AI,SA04,1855.0,2042.0,0.0,0.0,0.0,0.0
2026-07-03,DAY,AI,SA05,530.0,473.0,0.0,0.0,0.0,0.0
2026-07-03,DAY,AI,SA07,1060.0,1280.0,0.0,0.0,0.0,0.0
2026-07-03,DAY,AI,SA08,1060.0,1046.0,0.0,0.0,0.0,0.0
2026-07-03,DAY,AI,SA10,1060.0,1306.0,0.0,0.0,0.0,0.0
2026-07-03,NIGHT,AI,SA01,1769.0,1990.0,0.0,0.0,0.0,0.0
2026-07-03,NIGHT,AI,SA02,1769.0,1900.0,0.0,0.0,0.0,0.0
2026-07-03,NIGHT,AI,SA03,1020.0,1037.0,0.0,0.0,0.0,0.0
2026-07-03,NIGHT,AI,SA04,1769.0,1920.0,0.0,0.0,0.0,0.0
2026-07-03,NIGHT,AI,SA05,510.0,487.0,0.0,0.0,0.0,0.0
2026-07-03,NIGHT,AI,SA07,1020.0,1290.0,0.0,0.0,0.0,0.0
2026-07-03,NIGHT,AI,SA08,1020.0,1310.0,0.0,0.0,0.0,0.0
2026-07-03,NIGHT,AI,SA10,1088.0,1073.0,0.0,0.0,0.0,0.0
2026-07-05,DAY,SMT,PS01,1100.0,631.0,0.0,0.0,0.0,0.0
2026-07-05,DAY,SMT,PS02,2200.0,881.0,0.0,0.0,0.0,0.0
2026-07-05,DAY,SMT,PS03,1100.0,1017.0,0.0,0.0,0.0,0.0
2026-07-05,DAY,SMT,PS04,1100.0,554.0,0.0,0.0,0.0,0.0
2026-07-05,DAY,SMT,PS05,2200.0,1724.0,0.0,0.0,0.0,0.0
2026-07-05,DAY,SMT,PS06,2200.0,2200.0,0.0,0.0,0.0,0.0
2026-07-05,DAY,SMT,PS08,2200.0,647.0,0.0,0.0,0.0,0.0
2026-07-05,DAY,SMT,PS11,1100.0,453.0,0.0,0.0,0.0,0.0
2026-07-05,NIGHT,SMT,PS01,2000.0,2000.0,0.0,0.0,0.0,0.0
2026-07-05,NIGHT,SMT,PS02,1440.0,1440.0,0.0,0.0,0.0,0.0
2026-07-05,NIGHT,SMT,PS03,1100.0,1096.0,0.0,0.0,0.0,0.0
2026-07-05,NIGHT,SMT,PS04,2200.0,2247.0,0.0,0.0,0.0,0.0
2026-07-05,NIGHT,SMT,PS05,2200.0,1689.0,0.0,0.0,0.0,0.0
2026-07-05,NIGHT,SMT,PS06+PS07,2200.0,2046.0,0.0,0.0,0.0,0.0
2026-07-05,NIGHT,SMT,PS08,2000.0,1741.0,0.0,0.0,0.0,0.0
2026-07-05,NIGHT,SMT,PS11,1100.0,1045.0,0.0,0.0,0.0,0.0
2026-07-04,NIGHT,SMT,PS06+PS07,2200.0,2046.0,0.0,0.0,0.0,0.0
2026-07-04,DAY,SMT,PS01,2040.0,2040.0,0.0,0.0,0.0,0.0
2026-07-04,DAY,SMT,PS02,1200.0,525.0,0.0,0.0,0.0,0.0
2026-07-04,DAY,SMT,PS03,1100.0,1030.0,0.0,0.0,0.0,0.0
2026-07-04,DAY,SMT,PS04,2200.0,2265.0,0.0,0.0,0.0,0.0
2026-07-04,DAY,SMT,PS05,1760.0,1370.0,0.0,0.0,0.0,0.0
2026-07-04,DAY,SMT,PS06+PS07,2200.0,1522.0,0.0,0.0,0.0,0.0
2026-07-04,DAY,SMT,PS08,2200.0,1538.0,0.0,0.0,0.0,0.0
2026-07-04,DAY,SMT,PS11,1100.0,1099.0,0.0,0.0,0.0,0.0
2026-07-04,NIGHT,SMT,PS01,1100.0,1080.0,0.0,0.0,0.0,0.0
2026-07-04,NIGHT,SMT,PS02,1100.0,794.0,0.0,0.0,0.0,0.0
2026-07-04,NIGHT,SMT,PS03,1100.0,821.0,0.0,0.0,0.0,0.0
2026-07-04,NIGHT,SMT,PS04,2200.0,1874.0,0.0,0.0,0.0,0.0
2026-07-04,NIGHT,SMT,PS05,2200.0,2138.0,0.0,0.0,0.0,0.0
2026-07-04,NIGHT,SMT,PS06,1000.0,1000.0,0.0,0.0,0.0,0.0
2026-07-04,NIGHT,SMT,PS08,1980.0,936.0,0.0,0.0,0.0,0.0
2026-07-04,NIGHT,SMT,PS11,1100.0,741.0,0.0,0.0,0.0,0.0
2026-07-03,NIGHT,SMT,PS01,1100.0,1080.0,0.0,0.0,0.0,0.0
2026-07-03,NIGHT,SMT,PS02,1100.0,794.0,0.0,0.0,0.0,0.0
2026-07-03,NIGHT,SMT,PS03,1100.0,821.0,0.0,0.0,0.0,0.0
2026-07-03,NIGHT,SMT,PS04,2200.0,1874.0,0.0,0.0,0.0,0.0
2026-07-03,NIGHT,SMT,PS05,2200.0,2138.0,0.0,0.0,0.0,0.0
2026-07-03,NIGHT,SMT,PS06,1000.0,1000.0,0.0,0.0,0.0,0.0
2026-07-03,NIGHT,SMT,PS08,1980.0,936.0,0.0,0.0,0.0,0.0
2026-07-03,NIGHT,SMT,PS11,1100.0,741.0,0.0,0.0,0.0,0.0
2026-07-03,DAY,SMT,PS01,1100.0,892.0,0.0,0.0,0.0,0.0
2026-07-03,DAY,SMT,PS02,1100.0,488.0,0.0,0.0,0.0,0.0
2026-07-03,DAY,SMT,PS03,1100.0,424.0,0.0,0.0,0.0,0.0
2026-07-03,DAY,SMT,PS04,2200.0,1200.0,0.0,0.0,0.0,0.0
2026-07-03,DAY,SMT,PS05,2200.0,2238.0,0.0,0.0,0.0,0.0
2026-07-03,DAY,SMT,PS06,1000.0,1000.0,0.0,0.0,0.0,0.0
2026-07-03,DAY,SMT,PS08,1980.0,1194.0,0.0,0.0,0.0,0.0
2026-07-03,DAY,SMT,PS11,1100.0,996.0,0.0,0.0,0.0,0.0
2026-07-02,DAY,SMT,PS01,776.0,92.0,0.0,0.0,0.0,0.0
2026-07-02,DAY,SMT,PS02,1140.0,517.0,0.0,0.0,0.0,0.0
2026-07-02,DAY,SMT,PS03,1100.0,232.0,0.0,0.0,0.0,0.0
2026-07-02,DAY,SMT,PS04,1100.0,772.0,0.0,0.0,0.0,0.0
2026-07-02,DAY,SMT,PS05,1786.0,1814.0,0.0,0.0,0.0,0.0
2026-07-02,DAY,SMT,PS06,971.0,1033.0,0.0,0.0,0.0,0.0
2026-07-02,DAY,SMT,PS08,1320.0,1185.0,0.0,0.0,0.0,0.0
2026-07-02,DAY,SMT,PS11,1100.0,1019.0,0.0,0.0,0.0,0.0
2026-07-02,NIGHT,SMT,PS01,1100.0,1095.0,0.0,0.0,0.0,0.0
2026-07-02,NIGHT,SMT,PS02,1100.0,678.0,0.0,0.0,0.0,0.0
2026-07-02,NIGHT,SMT,PS03,1100.0,462.0,0.0,0.0,0.0,0.0
2026-07-02,NIGHT,SMT,PS04,1100.0,835.0,0.0,0.0,0.0,0.0
2026-07-02,NIGHT,SMT,PS05,2200.0,2000.0,0.0,0.0,0.0,0.0
2026-07-02,NIGHT,SMT,PS06,1760.0,1755.0,0.0,0.0,0.0,0.0
2026-07-02,NIGHT,SMT,PS08,2200.0,1032.0,0.0,0.0,0.0,0.0
2026-07-02,NIGHT,SMT,PS11,1100.0,774.0,0.0,0.0,0.0,0.0
2026-07-01,NIGHT,SMT,PS01,2200.0,1710.0,0.0,0.0,0.0,0.0
2026-07-01,NIGHT,SMT,PS02,1100.0,1106.0,0.0,0.0,0.0,0.0
2026-07-01,NIGHT,SMT,PS03,2080.0,1756.0,0.0,0.0,0.0,0.0
2026-07-01,NIGHT,SMT,PS04,990.0,638.0,0.0,0.0,0.0,0.0
2026-07-01,NIGHT,SMT,PS05,2200.0,1467.0,0.0,0.0,0.0,0.0
2026-07-01,NIGHT,SMT,PS06,2200.0,780.0,0.0,0.0,0.0,0.0
2026-07-01,NIGHT,SMT,PS08,1100.0,1117.0,0.0,0.0,0.0,0.0
2026-07-01,NIGHT,SMT,PS11,1100.0,710.0,0.0,0.0,0.0,0.0
2026-07-01,DAY,SMT,PS01,2126.0,2126.0,0.0,0.0,0.0,0.0
2026-07-01,DAY,SMT,PS02,1160.0,1120.0,0.0,0.0,0.0,0.0
2026-07-01,DAY,SMT,PS03,1546.0,1500.0,0.0,0.0,0.0,0.0
2026-07-01,DAY,SMT,PS04,1723.0,863.0,0.0,0.0,0.0,0.0
2026-07-01,DAY,SMT,PS05,2126.0,1785.0,0.0,0.0,0.0,0.0
2026-07-01,DAY,SMT,PS06,1000.0,1000.0,0.0,0.0,0.0,0.0
2026-07-01,DAY,SMT,PS08,1160.0,1004.0,0.0,0.0,0.0,0.0
2026-07-01,DAY,SMT,PS11,712.0,227.0,0.0,0.0,0.0,0.0
2026-06-30,NIGHT,SMT,PS01,1540.0,600.0,0.0,0.0,0.0,0.0
2026-06-30,NIGHT,SMT,PS02,1100.0,808.0,0.0,0.0,0.0,0.0
2026-06-30,NIGHT,SMT,PS03,1600.0,1319.0,0.0,0.0,0.0,0.0
2026-06-30,NIGHT,SMT,PS04,2200.0,1490.0,0.0,0.0,0.0,0.0
2026-06-30,NIGHT,SMT,PS05,2200.0,1874.0,0.0,0.0,0.0,0.0
2026-06-30,NIGHT,SMT,PS06,1800.0,1524.0,0.0,0.0,0.0,0.0
2026-06-30,NIGHT,SMT,PS08,1100.0,877.0,0.0,0.0,0.0,0.0
2026-06-30,NIGHT,SMT,PS10,2200.0,116.0,0.0,0.0,0.0,0.0
2026-06-30,NIGHT,SMT,PS11,1100.0,845.0,0.0,0.0,0.0,0.0
2026-06-30,DAY,SMT,PS01,1100.0,800.0,0.0,0.0,0.0,0.0
2026-06-30,DAY,SMT,PS02,1140.0,746.0,0.0,0.0,0.0,0.0
2026-06-30,DAY,SMT,PS03,1573.0,1400.0,0.0,0.0,0.0,0.0
2026-06-30,DAY,SMT,PS04,2163.0,1495.0,0.0,0.0,0.0,0.0
2026-06-30,DAY,SMT,PS05,2126.0,1962.0,0.0,0.0,0.0,0.0
2026-06-30,DAY,SMT,PS06,1880.0,1620.0,0.0,0.0,0.0,0.0
2026-06-30,DAY,SMT,PS08,1100.0,1025.0,0.0,0.0,0.0,0.0
2026-06-30,DAY,SMT,PS11,1200.0,300.0,0.0,0.0,0.0,0.0
2026-06-29,DAY,SMT,PS01,1160.0,1094.0,0.0,0.0,0.0,0.0
2026-06-29,DAY,SMT,PS02,1160.0,974.0,0.0,0.0,0.0,0.0
2026-06-29,DAY,SMT,PS03,1666.0,1514.0,0.0,0.0,0.0,0.0
2026-06-29,DAY,SMT,PS04,2126.0,1764.0,0.0,0.0,0.0,0.0
2026-06-29,DAY,SMT,PS05,2126.0,1929.0,0.0,0.0,0.0,0.0
2026-06-29,DAY,SMT,PS06,2163.0,1212.0,0.0,0.0,0.0,0.0
2026-06-29,DAY,SMT,PS08,1160.0,812.0,0.0,0.0,0.0,0.0
2026-06-29,DAY,SMT,PS11,1160.0,852.0,0.0,0.0,0.0,0.0
2026-06-29,NIGHT,SMT,PS01,1100.0,1108.0,0.0,0.0,0.0,0.0
2026-06-29,NIGHT,SMT,PS02,1100.0,865.0,0.0,0.0,0.0,0.0
2026-06-29,NIGHT,SMT,PS03,1600.0,1500.0,0.0,0.0,0.0,0.0
2026-06-29,NIGHT,SMT,PS04,2200.0,1700.0,0.0,0.0,0.0,0.0
2026-06-29,NIGHT,SMT,PS05,2200.0,1370.0,0.0,0.0,0.0,0.0
2026-06-29,NIGHT,SMT,PS06,1800.0,1108.0,0.0,0.0,0.0,0.0
2026-06-29,NIGHT,SMT,PS08,1100.0,931.0,0.0,0.0,0.0,0.0
2026-06-29,NIGHT,SMT,PS10,1320.0,0.0,0.0,0.0,0.0,0.0
2026-06-29,NIGHT,SMT,PS11,1360.0,793.0,0.0,0.0,0.0,0.0
2026-06-27,DAY,SMT,PS01,1100.0,1149.0,0.0,0.0,0.0,0.0
2026-06-27,DAY,SMT,PS02,1100.0,986.0,0.0,0.0,0.0,0.0
2026-06-27,DAY,SMT,PS03,1300.0,419.0,0.0,0.0,0.0,0.0
2026-06-27,DAY,SMT,PS04,2200.0,1634.0,0.0,0.0,0.0,0.0
2026-06-27,DAY,SMT,PS05,1100.0,561.0,0.0,0.0,0.0,0.0
2026-06-27,DAY,SMT,PS06,2200.0,1995.0,0.0,0.0,0.0,0.0
2026-06-27,DAY,SMT,PS08,2200.0,1483.0,0.0,0.0,0.0,0.0
2026-06-27,DAY,SMT,PS11,475.0,110.0,0.0,0.0,0.0,0.0
2026-06-27,NIGHT,SMT,PS01,1160.0,1044.0,0.0,0.0,0.0,0.0
2026-06-27,NIGHT,SMT,PS02,1064.0,972.0,0.0,0.0,0.0,0.0
2026-06-27,NIGHT,SMT,PS03,1896.0,1434.0,0.0,0.0,0.0,0.0
2026-06-27,NIGHT,SMT,PS04,2126.0,1352.0,0.0,0.0,0.0,0.0
2026-06-27,NIGHT,SMT,PS05,1543.0,548.0,0.0,0.0,0.0,0.0
2026-06-27,NIGHT,SMT,PS06,2000.0,1737.0,0.0,0.0,0.0,0.0
2026-06-27,NIGHT,SMT,PS08,2000.0,1359.0,0.0,0.0,0.0,0.0
2026-06-27,NIGHT,SMT,PS11,1082.0,485.0,0.0,0.0,0.0,0.0
2026-06-26,NIGHT,SMT,PS01,1160.0,1176.0,0.0,0.0,0.0,0.0
2026-06-26,NIGHT,SMT,PS02,1064.0,849.0,0.0,0.0,0.0,0.0
2026-06-26,NIGHT,SMT,PS03,1140.0,895.0,0.0,0.0,0.0,0.0
2026-06-26,NIGHT,SMT,PS04,2126.0,1658.0,0.0,0.0,0.0,0.0
2026-06-26,NIGHT,SMT,PS05,1546.0,1595.0,0.0,0.0,0.0,0.0
2026-06-26,NIGHT,SMT,PS06,2000.0,2000.0,0.0,0.0,0.0,0.0
2026-06-26,NIGHT,SMT,PS08,2126.0,1368.0,0.0,0.0,0.0,0.0
2026-06-26,NIGHT,SMT,PS11,220.0,0.0,0.0,0.0,0.0,0.0
2026-06-26,DAY,SMT,PS01,1100.0,1118.0,0.0,0.0,0.0,0.0
2026-06-26,DAY,SMT,PS02,2200.0,1983.0,0.0,0.0,0.0,0.0
2026-06-26,DAY,SMT,PS03,1100.0,1110.0,0.0,0.0,0.0,0.0
2026-06-26,DAY,SMT,PS04,2200.0,1836.0,0.0,0.0,0.0,0.0
2026-06-26,DAY,SMT,PS05,1600.0,1567.0,0.0,0.0,0.0,0.0
2026-06-26,DAY,SMT,PS06,720.0,662.0,0.0,0.0,0.0,0.0
2026-06-26,DAY,SMT,PS08,1100.0,1114.0,0.0,0.0,0.0,0.0
2026-06-26,DAY,SMT,PS11,1100.0,519.0,0.0,0.0,0.0,0.0
2026-06-25,NIGHT,SMT,PS01,1160.0,1186.0,0.0,0.0,0.0,0.0
2026-06-25,NIGHT,SMT,PS02,2126.0,2141.0,0.0,0.0,0.0,0.0
2026-06-25,NIGHT,SMT,PS03,1293.0,1063.0,0.0,0.0,0.0,0.0
2026-06-25,NIGHT,SMT,PS04,2126.0,1362.0,0.0,0.0,0.0,0.0
2026-06-25,NIGHT,SMT,PS05,1546.0,1581.0,0.0,0.0,0.0,0.0
2026-06-25,NIGHT,SMT,PS06,2000.0,1981.0,0.0,0.0,0.0,0.0
2026-06-25,NIGHT,SMT,PS08,1160.0,944.0,0.0,0.0,0.0,0.0
2026-06-25,NIGHT,SMT,PS11,1160.0,483.0,0.0,0.0,0.0,0.0
2026-06-25,DAY,SMT,PS01,1100.0,1127.0,0.0,0.0,0.0,0.0
2026-06-25,DAY,SMT,PS02,2200.0,2217.0,0.0,0.0,0.0,0.0
2026-06-25,DAY,SMT,PS03,1600.0,1437.0,0.0,0.0,0.0,0.0
2026-06-25,DAY,SMT,PS04,1100.0,1112.0,0.0,0.0,0.0,0.0
2026-06-25,DAY,SMT,PS05,1600.0,1534.0,0.0,0.0,0.0,0.0
2026-06-25,DAY,SMT,PS06,1800.0,1816.0,0.0,0.0,0.0,0.0
2026-06-25,DAY,SMT,PS08,1100.0,905.0,0.0,0.0,0.0,0.0
2026-06-25,DAY,SMT,PS11,1060.0,413.0,0.0,0.0,0.0,0.0
2026-06-24,DAY,SMT,PS01,1100.0,1150.0,0.0,0.0,0.0,0.0
2026-06-24,DAY,SMT,PS02,2200.0,2218.0,0.0,0.0,0.0,0.0
2026-06-24,DAY,SMT,PS03,1640.0,420.0,0.0,0.0,0.0,0.0
2026-06-24,DAY,SMT,PS04,1100.0,901.0,0.0,0.0,0.0,0.0
2026-06-24,DAY,SMT,PS05,1600.0,1640.0,0.0,0.0,0.0,0.0
2026-06-24,DAY,SMT,PS06,1160.0,961.0,0.0,0.0,0.0,0.0
2026-06-24,DAY,SMT,PS08,1100.0,1067.0,0.0,0.0,0.0,0.0
2026-06-24,DAY,SMT,PS11,1100.0,787.0,0.0,0.0,0.0,0.0
2026-06-24,NIGHT,SMT,PS01,1160.0,1163.0,0.0,0.0,0.0,0.0
2026-06-24,NIGHT,SMT,PS02,2126.0,2142.0,0.0,0.0,0.0,0.0
2026-06-24,NIGHT,SMT,PS03,1546.0,1496.0,0.0,0.0,0.0,0.0
2026-06-24,NIGHT,SMT,PS04,1064.0,742.0,0.0,0.0,0.0,0.0
2026-06-24,NIGHT,SMT,PS05,1546.0,1490.0,0.0,0.0,0.0,0.0
2026-06-24,NIGHT,SMT,PS06,0.0,61.0,0.0,0.0,0.0,0.0
2026-06-24,NIGHT,SMT,PS08,1160.0,920.0,0.0,0.0,0.0,0.0
2026-06-24,NIGHT,SMT,PS11,1160.0,973.0,0.0,0.0,0.0,0.0
2026-06-23,DAY,SMT,PS01,1980.0,1160.0,0.0,0.0,0.0,0.0
2026-06-23,DAY,SMT,PS02,2200.0,2215.0,0.0,0.0,0.0,0.0
2026-06-23,DAY,SMT,PS03,1100.0,1051.0,0.0,0.0,0.0,0.0
2026-06-23,DAY,SMT,PS04,1980.0,1371.0,0.0,0.0,0.0,0.0
2026-06-23,DAY,SMT,PS05,1600.0,1625.0,0.0,0.0,0.0,0.0
2026-06-23,DAY,SMT,PS06,2200.0,300.0,0.0,0.0,0.0,0.0
2026-06-23,DAY,SMT,PS08,1100.0,1119.0,0.0,0.0,0.0,0.0
2026-06-23,DAY,SMT,PS10,2200.0,0.0,0.0,0.0,0.0,0.0
2026-06-23,DAY,SMT,PS11,1100.0,889.0,0.0,0.0,0.0,0.0
2026-06-23,NIGHT,SMT,PS01,1160.0,1190.0,0.0,0.0,0.0,0.0
2026-06-23,NIGHT,SMT,PS02,2126.0,2238.0,0.0,0.0,0.0,0.0
2026-06-23,NIGHT,SMT,PS03,1342.0,1162.0,0.0,0.0,0.0,0.0
2026-06-23,NIGHT,SMT,PS04,1160.0,1044.0,0.0,0.0,0.0,0.0
2026-06-23,NIGHT,SMT,PS05,1546.0,1545.0,0.0,0.0,0.0,0.0
2026-06-23,NIGHT,SMT,PS06,0.0,1584.0,0.0,0.0,0.0,0.0
2026-06-23,NIGHT,SMT,PS08,1160.0,883.0,0.0,0.0,0.0,0.0
2026-06-23,NIGHT,SMT,PS10,260.0,0.0,0.0,0.0,0.0,0.0
2026-06-23,NIGHT,SMT,PS11,1160.0,708.0,0.0,0.0,0.0,0.0
2026-07-03,NIGHT,MI,MI 2,0.0,0.0,681.0,551.0,2700.0,2738.0
2026-07-03,NIGHT,MI,MI 3,0.0,0.0,681.0,525.0,2700.0,2710.0
2026-07-03,NIGHT,MI,MI 4,0.0,0.0,460.0,644.0,1767.0,1790.0
2026-07-03,NIGHT,MI,MI 5,0.0,0.0,318.0,1260.0,1260.0,1392.0
2026-07-03,NIGHT,MI,MI 6,0.0,0.0,361.0,848.0,1430.0,1060.0
2026-07-03,NIGHT,MI,MI 7,0.0,0.0,348.0,1120.0,1380.0,1261.0
2026-05-04,NIGHT,MI,MI 5,0.0,0.0,429.0,0.0,1700.0,0.0
2026-05-04,NIGHT,MI,MI 6,0.0,0.0,418.0,0.0,1660.0,0.0
2026-05-04,NIGHT,MI,MI 7,0.0,0.0,403.0,0.0,1600.0,0.0
2026-07-01,NIGHT,MI,MI 2,0.0,0.0,493.0,2664.0,2664.0,300.0
2026-07-01,NIGHT,MI,MI 3,0.0,0.0,640.0,917.0,2539.0,2462.0
2026-07-01,NIGHT,MI,MI 4,0.0,0.0,681.0,704.0,2700.0,2774.0
2026-07-01,NIGHT,MI,MI 5,0.0,0.0,429.0,397.0,1700.0,1767.0
2026-07-01,NIGHT,MI,MI 6,0.0,0.0,418.0,1660.0,1660.0,1838.0
2026-07-01,NIGHT,MI,MI 7,0.0,0.0,403.0,1660.0,1600.0,1836.0
2026-07-02,NIGHT,MI,MI 2,0.0,0.0,681.0,649.0,2700.0,2709.0
2026-07-02,NIGHT,MI,MI 3,0.0,0.0,681.0,656.0,2700.0,2721.0
2026-07-02,NIGHT,MI,MI 4,0.0,0.0,373.0,281.0,1480.0,1121.0
2026-07-02,NIGHT,MI,MI 5,0.0,0.0,387.0,467.0,1524.0,1367.0
2026-07-02,NIGHT,MI,MI 6,0.0,0.0,338.0,173.0,1340.0,1343.0
2026-07-02,NIGHT,MI,MI 7,0.0,0.0,422.0,460.0,1675.0,700.0
2026-06-30,NIGHT,MI,MI 2,0.0,0.0,681.0,0.0,2700.0,0.0
2026-06-30,NIGHT,MI,MI 3,0.0,0.0,681.0,0.0,2700.0,0.0
2026-06-30,NIGHT,MI,MI 4,0.0,0.0,373.0,0.0,1480.0,0.0
2026-06-30,NIGHT,MI,MI 5,0.0,0.0,429.0,0.0,1700.0,0.0
2026-06-30,NIGHT,MI,MI 6,0.0,0.0,349.0,0.0,2700.0,0.0
2026-06-30,NIGHT,MI,MI 7,0.0,0.0,421.0,0.0,1670.0,0.0
2026-05-04,NIGHT,MI,MI 1,0.0,0.0,810.0,0.0,3352.0,0.0
2026-05-04,NIGHT,MI,MI 2,0.0,0.0,810.0,0.0,3352.0,0.0
2026-05-04,NIGHT,MI,MI 3,0.0,0.0,810.0,0.0,3352.0,0.0
2026-05-04,NIGHT,MI,MI 4,0.0,0.0,810.0,0.0,3352.0,0.0
2026-06-01,NIGHT,MI,MI 2,0.0,0.0,1900.0,685.0,1600.0,2044.0
2026-06-01,NIGHT,MI,MI 3,0.0,0.0,559.0,713.0,2320.0,2253.0
2026-06-01,NIGHT,MI,MI 4,0.0,0.0,676.0,847.0,2680.0,2111.0
2026-06-01,NIGHT,MI,MI 5,0.0,0.0,163.0,302.0,1262.0,1272.0
2026-06-01,NIGHT,MI,MI 6,0.0,0.0,676.0,462.0,2680.0,2278.0
2026-06-02,NIGHT,MI,MI 2,0.0,0.0,676.0,823.0,2680.0,2527.0
2026-06-02,NIGHT,MI,MI 3,0.0,0.0,676.0,691.0,2680.0,2501.0
2026-06-02,NIGHT,MI,MI 4,0.0,0.0,424.0,1680.0,1680.0,1879.0
2026-06-02,NIGHT,MI,MI 5,0.0,0.0,315.0,311.0,1250.0,1262.0
2026-06-02,NIGHT,MI,MI 6,0.0,0.0,676.0,632.0,2680.0,1865.0
2026-06-02,NIGHT,MI,MI 7,0.0,0.0,108.0,180.0,500.0,500.0
2026-06-03,NIGHT,MI,MI 2,0.0,0.0,681.0,749.0,2700.0,2125.0
2026-06-03,NIGHT,MI,MI 3,0.0,0.0,681.0,2115.0,2700.0,2600.0
2026-06-03,NIGHT,MI,MI 4,0.0,0.0,424.0,457.0,1680.0,1685.0
2026-06-03,NIGHT,MI,MI 5,0.0,0.0,335.0,322.0,1330.0,1351.0
2026-06-03,NIGHT,MI,MI 6,0.0,0.0,676.0,794.0,2680.0,2481.0
2026-06-03,NIGHT,MI,MI 7,0.0,0.0,151.0,277.0,700.0,807.0
2026-06-04,NIGHT,MI,MI 2,0.0,0.0,575.0,201.0,2280.0,445.0
2026-06-04,NIGHT,MI,MI 3,0.0,0.0,681.0,630.0,2700.0,2700.0
2026-06-04,NIGHT,MI,MI 4,0.0,0.0,284.0,272.0,284.0,1373.0
2026-06-04,NIGHT,MI,MI 5,0.0,0.0,606.0,2160.0,2404.0,2410.0
2026-06-04,NIGHT,MI,MI 6,0.0,0.0,252.0,1000.0,1000.0,1783.0
2026-06-04,NIGHT,MI,MI 7,0.0,0.0,194.0,1500.0,1500.0,1751.0
2026-06-06,NIGHT,MI,MI 2,0.0,0.0,681.0,2700.0,2700.0,2800.0
2026-06-06,NIGHT,MI,MI 3,0.0,0.0,676.0,0.0,2680.0,0.0
2026-06-06,NIGHT,MI,MI 4,0.0,0.0,504.0,609.0,2000.0,2088.0
2026-06-06,NIGHT,MI,MI 5,0.0,0.0,375.0,293.0,1486.0,743.0
2026-06-06,NIGHT,MI,MI 6,0.0,0.0,129.0,1000.0,1000.0,1332.0
2026-06-07,NIGHT,MI,MI 2,0.0,0.0,681.0,2700.0,2700.0,2800.0
2026-06-07,NIGHT,MI,MI 3,0.0,0.0,676.0,0.0,2680.0,0.0
2026-06-07,NIGHT,MI,MI 4,0.0,0.0,129.0,1000.0,1000.0,1515.0
2026-06-07,NIGHT,MI,MI 5,0.0,0.0,375.0,293.0,1486.0,743.0
2026-06-07,NIGHT,MI,MI 6,0.0,0.0,129.0,290.0,1000.0,1000.0
2026-06-10,NIGHT,MI,MI 2,0.0,0.0,655.0,595.0,2600.0,1595.0
2026-06-10,NIGHT,MI,MI 3,0.0,0.0,660.0,2304.0,2619.0,2694.0
2026-06-10,NIGHT,MI,MI 4,0.0,0.0,504.0,508.0,2000.0,1694.0
2026-06-10,NIGHT,MI,MI 5,0.0,0.0,681.0,584.0,2700.0,2748.0
2026-06-10,NIGHT,MI,MI 6,0.0,0.0,303.0,1200.0,1200.0,1398.0
2026-06-10,NIGHT,MI,MI 7,0.0,0.0,429.0,274.0,1700.0,1228.0
2026-06-12,NIGHT,MI,MI 2,0.0,0.0,681.0,2700.0,2700.0,3041.0
2026-06-12,NIGHT,MI,MI 3,0.0,0.0,681.0,653.0,2700.0,2793.0
2026-06-12,NIGHT,MI,MI 4,0.0,0.0,328.0,341.0,1300.0,1305.0
2026-06-12,NIGHT,MI,MI 5,0.0,0.0,328.0,430.0,1300.0,1400.0
2026-06-12,NIGHT,MI,MI 6,0.0,0.0,353.0,1180.0,1400.0,1465.0
2026-06-12,NIGHT,MI,MI 7,0.0,0.0,429.0,1700.0,1700.0,1849.0
2026-06-13,NIGHT,MI,MI 2,0.0,0.0,681.0,464.0,2700.0,2700.0
2026-06-13,NIGHT,MI,MI 3,0.0,0.0,681.0,2700.0,2700.0,2853.0
2026-06-13,NIGHT,MI,MI 4,0.0,0.0,325.0,1290.0,1290.0,1407.0
2026-06-13,NIGHT,MI,MI 5,0.0,0.0,429.0,328.0,1700.0,1242.0
2026-06-13,NIGHT,MI,MI 6,0.0,0.0,353.0,0.0,1400.0,0.0
2026-06-13,NIGHT,MI,MI 7,0.0,0.0,325.0,158.0,1290.0,485.0
2026-06-15,NIGHT,MI,MI 2,0.0,0.0,676.0,101.0,2680.0,869.0
2026-06-15,NIGHT,MI,MI 3,0.0,0.0,681.0,721.0,2700.0,2183.0
2026-06-15,NIGHT,MI,MI 4,0.0,0.0,328.0,112.0,1300.0,980.0
2026-06-15,NIGHT,MI,MI 5,0.0,0.0,630.0,669.0,2500.0,1809.0
2026-06-15,NIGHT,MI,MI 6,0.0,0.0,429.0,230.0,1700.0,1075.0
2026-06-15,NIGHT,MI,MI 7,0.0,0.0,479.0,502.0,1900.0,1954.0
2026-06-16,NIGHT,MI,MI 2,0.0,0.0,681.0,277.0,2700.0,1787.0
2026-06-16,NIGHT,MI,MI 3,0.0,0.0,643.0,570.0,2550.0,1951.0
2026-06-16,NIGHT,MI,MI 4,0.0,0.0,328.0,1250.0,1300.0,1351.0
2026-06-16,NIGHT,MI,MI 5,0.0,0.0,633.0,784.0,2510.0,1596.0
2026-06-16,NIGHT,MI,MI 6,0.0,0.0,285.0,369.0,1130.0,771.0
2026-06-16,NIGHT,MI,MI 7,0.0,0.0,403.0,215.0,1600.0,1096.0
2026-06-17,NIGHT,MI,MI 2,0.0,0.0,661.0,500.0,2620.0,1600.0
2026-06-17,NIGHT,MI,MI 3,0.0,0.0,681.0,778.0,2700.0,2672.0
2026-06-17,NIGHT,MI,MI 4,0.0,0.0,403.0,352.0,1600.0,1592.0
2026-06-17,NIGHT,MI,MI 5,0.0,0.0,681.0,634.0,2700.0,2714.0
2026-06-17,NIGHT,MI,MI 6,0.0,0.0,446.0,395.0,1771.0,1320.0
2026-06-17,NIGHT,MI,MI 7,0.0,0.0,190.0,270.0,1140.0,1168.0
2026-06-18,NIGHT,MI,MI 2,0.0,0.0,681.0,414.0,2700.0,515.0
2026-06-18,NIGHT,MI,MI 3,0.0,0.0,681.0,2700.0,2700.0,3044.0
2026-06-18,NIGHT,MI,MI 4,0.0,0.0,328.0,274.0,1300.0,1314.0
2026-06-18,NIGHT,MI,MI 5,0.0,0.0,681.0,632.0,2700.0,2707.0
2026-06-18,NIGHT,MI,MI 7,0.0,0.0,215.0,272.0,1350.0,1332.0
2026-06-19,NIGHT,MI,MI 2,0.0,0.0,494.0,697.0,2000.0,697.0
2026-06-19,NIGHT,MI,MI 3,0.0,0.0,681.0,955.0,2700.0,2708.0
2026-06-19,NIGHT,MI,MI 4,0.0,0.0,328.0,250.0,1300.0,1030.0
2026-06-19,NIGHT,MI,MI 5,0.0,0.0,681.0,666.0,2700.0,2706.0
2026-06-19,NIGHT,MI,MI 6,0.0,0.0,247.0,168.0,1000.0,1137.0
2026-06-19,NIGHT,MI,MI 7,0.0,0.0,174.0,357.0,1350.0,1407.0
2026-06-20,NIGHT,MI,MI 2,0.0,0.0,681.0,667.0,2700.0,2670.0
2026-06-20,NIGHT,MI,MI 3,0.0,0.0,681.0,636.0,2700.0,2688.0
2026-06-20,NIGHT,MI,MI 4,0.0,0.0,353.0,420.0,1400.0,1450.0
2026-06-20,NIGHT,MI,MI 5,0.0,0.0,476.0,1701.0,1890.0,1934.0
2026-06-20,NIGHT,MI,MI 7,0.0,0.0,181.0,220.0,1400.0,870.0
2026-06-22,NIGHT,MI,MI 2,0.0,0.0,681.0,650.0,2700.0,2858.0
2026-06-22,NIGHT,MI,MI 3,0.0,0.0,681.0,855.0,2700.0,2545.0
2026-06-22,NIGHT,MI,MI 4,0.0,0.0,447.0,162.0,1775.0,1226.0
2026-06-22,NIGHT,MI,MI 5,0.0,0.0,429.0,342.0,1700.0,1442.0
2026-06-22,NIGHT,MI,MI 6,0.0,0.0,403.0,451.0,1600.0,1575.0
2026-06-22,NIGHT,MI,MI 7,0.0,0.0,207.0,324.0,1600.0,770.0
2026-06-23,NIGHT,MI,MI 2,0.0,0.0,681.0,388.0,2700.0,900.0
2026-06-23,NIGHT,MI,MI 3,0.0,0.0,658.0,439.0,2610.0,2429.0
2026-06-23,NIGHT,MI,MI 4,0.0,0.0,512.0,420.0,2030.0,1900.0
2026-06-23,NIGHT,MI,MI 5,0.0,0.0,416.0,1650.0,1650.0,1831.0
2026-06-23,NIGHT,MI,MI 6,0.0,0.0,429.0,489.0,1700.0,1669.0
2026-06-23,NIGHT,MI,MI 7,0.0,0.0,185.0,359.0,1430.0,1459.0
2026-06-24,NIGHT,MI,MI 2,0.0,0.0,681.0,480.0,2700.0,2092.0
2026-06-24,NIGHT,MI,MI 3,0.0,0.0,681.0,2700.0,2700.0,2806.0
2026-06-24,NIGHT,MI,MI 4,0.0,0.0,353.0,330.0,1400.0,1400.0
2026-06-24,NIGHT,MI,MI 5,0.0,0.0,489.0,496.0,1940.0,1630.0
2026-06-24,NIGHT,MI,MI 6,0.0,0.0,429.0,375.0,1700.0,1703.0
2026-06-24,NIGHT,MI,MI 7,0.0,0.0,157.0,496.0,1216.0,1107.0
2026-06-25,NIGHT,MI,MI 2,0.0,0.0,681.0,326.0,2701.0,595.0
2026-06-25,NIGHT,MI,MI 3,0.0,0.0,681.0,627.0,2700.0,2772.0
2026-06-25,NIGHT,MI,MI 4,0.0,0.0,328.0,232.0,1300.0,1302.0
2026-06-25,NIGHT,MI,MI 5,0.0,0.0,643.0,683.0,2550.0,1633.0
2026-06-25,NIGHT,MI,MI 6,0.0,0.0,424.0,383.0,1680.0,1680.0
2026-06-25,NIGHT,MI,MI 7,0.0,0.0,147.0,124.0,1136.0,586.0
2026-06-26,NIGHT,MI,MI 2,0.0,0.0,681.0,626.0,2700.0,2700.0
2026-06-26,NIGHT,MI,MI 3,0.0,0.0,635.0,810.0,2520.0,2597.0
2026-06-26,NIGHT,MI,MI 4,0.0,0.0,320.0,279.0,1270.0,1409.0
2026-06-26,NIGHT,MI,MI 5,0.0,0.0,528.0,1688.0,2096.0,1819.0
2026-06-26,NIGHT,MI,MI 6,0.0,0.0,176.0,235.0,1360.0,1179.0
2026-06-26,NIGHT,MI,MI 7,0.0,0.0,426.0,482.0,1690.0,1702.0
2026-06-27,NIGHT,MI,MI 2,0.0,0.0,681.0,205.0,2700.0,1965.0
2026-06-27,NIGHT,MI,MI 3,0.0,0.0,681.0,153.0,2700.0,1943.0
2026-06-27,NIGHT,MI,MI 4,0.0,0.0,373.0,259.0,1480.0,1407.0
2026-06-27,NIGHT,MI,MI 5,0.0,0.0,555.0,204.0,2200.0,1719.0
2026-06-27,NIGHT,MI,MI 6,0.0,0.0,206.0,169.0,1594.0,1024.0
2026-06-27,NIGHT,MI,MI 7,0.0,0.0,335.0,150.0,1330.0,507.0
2026-06-28,NIGHT,MI,MI 2,0.0,0.0,297.0,662.0,2300.0,2262.0
2026-06-28,NIGHT,MI,MI 3,0.0,0.0,681.0,655.0,2700.0,2440.0
2026-06-28,NIGHT,MI,MI 4,0.0,0.0,163.0,874.0,1260.0,1114.0
2026-06-28,NIGHT,MI,MI 5,0.0,0.0,163.0,185.0,1260.0,535.0
2026-06-28,NIGHT,MI,MI 6,0.0,0.0,203.0,1552.0,1570.0,1761.0
2026-06-28,NIGHT,MI,MI 7,0.0,0.0,335.0,0.0,1330.0,0.0
2026-06-29,NIGHT,MI,MI 2,0.0,0.0,580.0,0.0,2300.0,0.0
2026-06-29,NIGHT,MI,MI 3,0.0,0.0,681.0,0.0,2700.0,0.0
2026-06-29,NIGHT,MI,MI 4,0.0,0.0,318.0,0.0,1260.0,0.0
2026-06-29,NIGHT,MI,MI 5,0.0,0.0,318.0,0.0,1260.0,0.0
2026-06-29,NIGHT,MI,MI 6,0.0,0.0,203.0,0.0,1570.0,0.0
2026-06-29,NIGHT,MI,MI 7,0.0,0.0,335.0,0.0,1330.0,0.0
2026-07-03,DAY,MI,MI 2,0.0,0.0,2860.0,2866.0,2860.0,266.0
2026-07-03,DAY,MI,MI 3,0.0,0.0,798.0,740.0,2860.0,2864.0
2026-07-03,DAY,MI,MI 4,0.0,0.0,349.0,205.0,1250.0,873.0
2026-07-03,DAY,MI,MI 5,0.0,0.0,535.0,487.0,1809.0,1737.0
2026-07-03,DAY,MI,MI 6,0.0,0.0,496.0,374.0,1779.0,1178.0
2026-07-03,DAY,MI,MI 7,0.0,0.0,489.0,414.0,1754.0,1113.0
2026-07-02,DAY,MI,MI 2,0.0,0.0,2601.0,2518.0,2601.0,242.0
2026-07-02,DAY,MI,MI 3,0.0,0.0,762.0,672.0,2730.0,2752.0
2026-07-02,DAY,MI,MI 4,0.0,0.0,341.0,1076.0,1210.0,1097.0
2026-07-02,DAY,MI,MI 5,0.0,0.0,480.0,1700.0,1720.0,1500.0
2026-07-02,DAY,MI,MI 6,0.0,0.0,382.0,1372.0,1370.0,2523.0
2026-07-02,DAY,MI,MI 7,0.0,0.0,426.0,197.0,1528.0,1513.0
2026-07-01,DAY,MI,MI 2,0.0,0.0,2870.0,313.0,2870.0,267.0
2026-07-01,DAY,MI,MI 3,0.0,0.0,753.0,754.0,2700.0,2579.0
2026-07-01,DAY,MI,MI 4,0.0,0.0,391.0,285.0,1400.0,1361.0
2026-07-01,DAY,MI,MI 5,0.0,0.0,301.0,1012.0,1080.0,481.0
2026-07-01,DAY,MI,MI 6,0.0,0.0,741.0,454.0,2655.0,2523.0
2026-07-01,DAY,MI,MI 7,0.0,0.0,345.0,367.0,1236.0,773.0
2026-06-24,DAY,MI,MI 2,0.0,0.0,798.0,775.0,2860.0,266.0
2026-06-24,DAY,MI,MI 3,0.0,0.0,798.0,601.0,2860.0,2759.0
2026-06-24,DAY,MI,MI 4,0.0,0.0,413.0,307.0,1203.0,1410.0
2026-06-24,DAY,MI,MI 5,0.0,0.0,441.0,1956.0,1939.0,1855.0
2026-06-24,DAY,MI,MI 6,0.0,0.0,502.0,428.0,1800.0,1821.0
2026-06-24,DAY,MI,MI 7,0.0,0.0,143.0,197.0,1034.0,1462.0
2026-06-25,DAY,MI,MI 2,0.0,0.0,804.0,750.0,2880.0,268.0
2026-06-25,DAY,MI,MI 3,0.0,0.0,798.0,794.0,2860.0,2901.0
2026-06-25,DAY,MI,MI 4,0.0,0.0,385.0,1380.0,1380.0,1453.0
2026-06-25,DAY,MI,MI 5,0.0,0.0,442.0,1895.0,1839.0,1689.0
2026-06-25,DAY,MI,MI 6,0.0,0.0,474.0,453.0,1700.0,1719.0
2026-06-25,DAY,MI,MI 7,0.0,0.0,342.0,187.0,1225.0,656.0
2026-06-26,DAY,MI,MI 2,0.0,0.0,2820.0,2820.0,2820.0,262.0
2026-06-26,DAY,MI,MI 3,0.0,0.0,804.0,781.0,2880.0,2880.0
2026-06-26,DAY,MI,MI 4,0.0,0.0,447.0,442.0,1600.0,1637.0
2026-06-26,DAY,MI,MI 5,0.0,0.0,720.0,772.0,2580.0,2452.0
2026-06-26,DAY,MI,MI 6,0.0,0.0,311.0,233.0,1320.0,1383.0
2026-06-26,DAY,MI,MI 7,0.0,0.0,419.0,103.0,1500.0,455.0
2026-06-27,DAY,MI,MI 2,0.0,0.0,2860.0,2550.0,2860.0,266.0
2026-06-27,DAY,MI,MI 3,0.0,0.0,798.0,600.0,2860.0,2191.0
2026-06-27,DAY,MI,MI 4,0.0,0.0,447.0,320.0,1600.0,1270.0
2026-06-27,DAY,MI,MI 5,0.0,0.0,613.0,1400.0,2196.0,1150.0
2026-06-27,DAY,MI,MI 6,0.0,0.0,360.0,860.0,1290.0,800.0
2026-06-27,DAY,MI,MI 7,0.0,0.0,400.0,220.0,1433.0,1200.0
2026-06-29,DAY,MI,MI 2,0.0,0.0,3260.0,3260.0,3260.0,303.0
2026-06-29,DAY,MI,MI 3,0.0,0.0,762.0,1105.0,2730.0,2730.0
2026-06-29,DAY,MI,MI 4,0.0,0.0,265.0,217.0,950.0,957.0
2026-06-29,DAY,MI,MI 5,0.0,0.0,502.0,564.0,1800.0,1814.0
2026-06-29,DAY,MI,MI 6,0.0,0.0,449.0,1610.0,1610.0,1156.0
2026-06-29,DAY,MI,MI 7,0.0,0.0,511.0,364.0,1832.0,1036.0
2026-06-30,DAY,MI,MI 2,0.0,0.0,2860.0,1006.0,2860.0,266.0
2026-06-30,DAY,MI,MI 3,0.0,0.0,671.0,230.0,2404.0,2135.0
2026-06-30,DAY,MI,MI 4,0.0,0.0,762.0,2730.0,2730.0,2730.0
2026-06-30,DAY,MI,MI 5,0.0,0.0,642.0,2300.0,2300.0,1973.0
2026-06-30,DAY,MI,MI 6,0.0,0.0,768.0,776.0,2751.0,2501.0
2026-06-30,DAY,MI,MI 7,0.0,0.0,473.0,575.0,1696.0,1725.0
2026-05-25,DAY,MI,MI 2,0.0,0.0,748.0,400.0,2680.0,249.0
2026-05-25,DAY,MI,MI 3,0.0,0.0,753.0,420.0,280.0,820.0
2026-05-25,DAY,MI,MI 4,0.0,0.0,472.0,250.0,1522.0,250.0
2026-05-25,DAY,MI,MI 5,0.0,0.0,2050.0,172.0,810.0,180.0
2026-05-25,DAY,MI,MI 6,0.0,0.0,804.0,380.0,2880.0,690.0
2026-06-03,DAY,MI,MI 2,0.0,0.0,753.0,1981.0,2700.0,251.0
2026-06-03,DAY,MI,MI 3,0.0,0.0,834.0,594.0,280.0,790.0
2026-06-03,DAY,MI,MI 4,0.0,0.0,390.0,493.0,1279.0,1460.0
2026-06-03,DAY,MI,MI 5,0.0,0.0,1500.0,253.0,810.0,1041.0
2026-06-03,DAY,MI,MI 6,0.0,0.0,804.0,637.0,2880.0,2256.0
2026-06-03,DAY,MI,MI 7,0.0,0.0,319.0,141.0,786.0,401.0
2026-06-04,DAY,MI,MI 2,0.0,0.0,2880.0,1740.0,2880.0,268.0
2026-06-04,DAY,MI,MI 3,0.0,0.0,500.0,344.0,2723.0,2180.0
2026-06-04,DAY,MI,MI 4,0.0,0.0,250.0,239.0,955.0,1560.0
2026-06-04,DAY,MI,MI 5,0.0,0.0,1649.0,1347.0,810.0,787.0
2026-06-04,DAY,MI,MI 6,0.0,0.0,781.0,1006.0,2800.0,356.0
2026-06-04,DAY,MI,MI 7,0.0,0.0,300.0,1683.0,1100.0,762.0
2026-06-05,DAY,MI,MI 2,0.0,0.0,244.0,2625.0,875.0,1522.0
2026-06-05,DAY,MI,MI 3,0.0,0.0,473.0,603.0,2810.0,2919.0
2026-06-05,DAY,MI,MI 4,0.0,0.0,305.0,550.0,1200.0,1393.0
2026-06-05,DAY,MI,MI 5,0.0,0.0,1400.0,271.0,810.0,1548.0
2026-06-05,DAY,MI,MI 6,0.0,0.0,100.0,150.0,0.0,266.0
2026-06-05,DAY,MI,MI 7,0.0,0.0,347.0,428.0,856.0,1721.0
2026-06-06,DAY,MI,MI 2,0.0,0.0,781.0,2800.0,2800.0,260.0
2026-06-06,DAY,MI,MI 3,0.0,0.0,473.0,2572.0,2810.0,2409.0
2026-06-06,DAY,MI,MI 4,0.0,0.0,305.0,585.0,1550.0,1521.0
2026-06-06,DAY,MI,MI 5,0.0,0.0,116.0,548.0,929.0,302.0
2026-06-06,DAY,MI,MI 6,0.0,0.0,279.0,119.0,1000.0,647.0
2026-06-06,DAY,MI,MI 7,0.0,0.0,217.0,1000.0,535.0,700.0
2026-06-07,DAY,MI,MI 3,0.0,0.0,473.0,0.0,2810.0,0.0
2026-06-07,DAY,MI,MI 4,0.0,0.0,344.0,472.0,1923.0,2060.0
2026-06-07,DAY,MI,MI 5,0.0,0.0,116.0,0.0,116.0,0.0
2026-06-07,DAY,MI,MI 6,0.0,0.0,307.0,137.0,1100.0,1250.0
2026-06-07,DAY,MI,MI 7,0.0,0.0,0.0,100.0,0.0,0.0
2026-06-08,DAY,MI,MI 2,0.0,0.0,801.0,2870.0,2870.0,267.0
2026-06-08,DAY,MI,MI 3,0.0,0.0,804.0,926.0,2810.0,2876.0
2026-06-08,DAY,MI,MI 4,0.0,0.0,586.0,540.0,2132.0,2100.0
2026-06-08,DAY,MI,MI 5,0.0,0.0,343.0,2452.0,2006.0,1328.0
2026-06-08,DAY,MI,MI 6,0.0,0.0,214.0,593.0,700.0,183.0
2026-06-08,DAY,MI,MI 7,0.0,0.0,279.0,220.0,1000.0,240.0
2026-06-09,DAY,MI,MI 2,0.0,0.0,801.0,2870.0,2870.0,267.0
2026-06-09,DAY,MI,MI 3,0.0,0.0,684.0,2450.0,2810.0,2113.0
2026-06-09,DAY,MI,MI 4,0.0,0.0,483.0,467.0,1825.0,1700.0
2026-06-09,DAY,MI,MI 5,0.0,0.0,399.0,2896.0,2319.0,2645.0
2026-06-09,DAY,MI,MI 6,0.0,0.0,186.0,443.0,1072.0,643.0
2026-06-09,DAY,MI,MI 7,0.0,0.0,447.0,1551.0,1600.0,1370.0
2026-06-10,DAY,MI,MI 2,0.0,0.0,770.0,2563.0,2760.0,257.0
2026-06-10,DAY,MI,MI 3,0.0,0.0,742.0,2660.0,2810.0,2347.0
2026-06-10,DAY,MI,MI 4,0.0,0.0,511.0,1756.0,1909.0,1520.0
2026-06-10,DAY,MI,MI 5,0.0,0.0,692.0,2480.0,2480.0,2504.0
2026-06-10,DAY,MI,MI 6,0.0,0.0,363.0,506.0,1300.0,1264.0
2026-06-10,DAY,MI,MI 7,0.0,0.0,474.0,398.0,1700.0,1453.0
2026-06-11,DAY,MI,MI 2,0.0,0.0,763.0,630.0,2734.0,254.0
2026-06-11,DAY,MI,MI 3,0.0,0.0,753.0,404.0,2810.0,1386.0
2026-06-11,DAY,MI,MI 4,0.0,0.0,366.0,183.0,1477.0,741.0
2026-06-11,DAY,MI,MI 5,0.0,0.0,804.0,531.0,2880.0,1944.0
2026-06-11,DAY,MI,MI 6,0.0,0.0,363.0,249.0,1300.0,999.0
2026-06-11,DAY,MI,MI 7,0.0,0.0,502.0,1187.0,1800.0,830.0
2026-06-12,DAY,MI,MI 2,0.0,0.0,781.0,155.0,2797.0,260.0
2026-06-12,DAY,MI,MI 3,0.0,0.0,759.0,813.0,2810.0,2713.0
2026-06-12,DAY,MI,MI 4,0.0,0.0,385.0,1380.0,1535.0,1215.0
2026-06-12,DAY,MI,MI 5,0.0,0.0,541.0,228.0,1938.0,276.0
2026-06-12,DAY,MI,MI 6,0.0,0.0,167.0,600.0,600.0,216.0
2026-06-12,DAY,MI,MI 7,0.0,0.0,502.0,550.0,1800.0,1982.0
2026-06-13,DAY,MI,MI 2,0.0,0.0,798.0,2860.0,2860.0,266.0
2026-06-13,DAY,MI,MI 3,0.0,0.0,798.0,661.0,2810.0,2891.0
2026-06-13,DAY,MI,MI 4,0.0,0.0,388.0,359.0,1543.0,1390.0
2026-06-13,DAY,MI,MI 5,0.0,0.0,642.0,688.0,2300.0,1773.0
2026-06-13,DAY,MI,MI 6,0.0,0.0,307.0,300.0,1100.0,527.0
2026-06-13,DAY,MI,MI 7,0.0,0.0,441.0,390.0,1582.0,1708.0
2026-06-14,DAY,MI,MI 2,0.0,0.0,726.0,220.0,2600.0,242.0
2026-06-14,DAY,MI,MI 3,0.0,0.0,804.0,667.0,2810.0,2830.0
2026-06-14,DAY,MI,MI 4,0.0,0.0,385.0,379.0,1535.0,1388.0
2026-06-14,DAY,MI,MI 5,0.0,0.0,627.0,2110.0,2247.0,1963.0
2026-06-14,DAY,MI,MI 6,0.0,0.0,279.0,564.0,1000.0,1114.0
2026-06-14,DAY,MI,MI 7,0.0,0.0,170.0,220.0,0.0,329.0
2026-06-15,DAY,MI,MI 2,0.0,0.0,804.0,2880.0,2880.0,268.0
2026-06-15,DAY,MI,MI 3,0.0,0.0,798.0,409.0,2810.0,2560.0
2026-06-15,DAY,MI,MI 4,0.0,0.0,562.0,2530.0,2531.0,2183.0
2026-06-15,DAY,MI,MI 5,0.0,0.0,280.0,1880.0,480.0,609.0
2026-06-15,DAY,MI,MI 6,0.0,0.0,766.0,2694.0,2746.0,2135.0
2026-06-15,DAY,MI,MI 7,0.0,0.0,558.0,459.0,2000.0,1742.0
2026-06-16,DAY,MI,MI 2,0.0,0.0,798.0,316.0,2860.0,266.0
2026-06-16,DAY,MI,MI 3,0.0,0.0,749.0,707.0,2683.0,2955.0
2026-06-16,DAY,MI,MI 4,0.0,0.0,391.0,320.0,1400.0,1555.0
2026-06-16,DAY,MI,MI 5,0.0,0.0,274.0,279.0,1500.0,1500.0
2026-06-16,DAY,MI,MI 6,0.0,0.0,269.0,119.0,1241.0,1183.0
2026-06-16,DAY,MI,MI 7,0.0,0.0,505.0,380.0,1810.0,1940.0
2026-06-17,DAY,MI,MI 2,0.0,0.0,804.0,263.0,2880.0,268.0
2026-06-17,DAY,MI,MI 3,0.0,0.0,139.0,316.0,1912.0,1216.0
2026-06-17,DAY,MI,MI 4,0.0,0.0,296.0,1190.0,1190.0,1378.0
2026-06-17,DAY,MI,MI 5,0.0,0.0,132.0,406.0,1761.0,2621.0
2026-06-17,DAY,MI,MI 6,0.0,0.0,269.0,266.0,700.0,963.0
2026-06-17,DAY,MI,MI 7,0.0,0.0,290.0,159.0,1160.0,986.0
2026-06-18,DAY,MI,MI 2,0.0,0.0,804.0,340.0,2880.0,268.0
2026-06-18,DAY,MI,MI 3,0.0,0.0,798.0,779.0,2860.0,2357.0
2026-06-18,DAY,MI,MI 4,0.0,0.0,385.0,330.0,1380.0,1385.0
2026-06-18,DAY,MI,MI 5,0.0,0.0,604.0,888.0,2680.0,2685.0
2026-06-18,DAY,MI,MI 6,0.0,0.0,223.0,327.0,955.0,1281.0
2026-06-18,DAY,MI,MI 7,0.0,0.0,410.0,422.0,1470.0,1513.0
2026-06-19,DAY,MI,MI 2,0.0,0.0,2880.0,187.0,2880.0,268.0
2026-06-19,DAY,MI,MI 3,0.0,0.0,740.0,622.0,2653.0,2554.0
2026-06-19,DAY,MI,MI 4,0.0,0.0,385.0,289.0,1380.0,1389.0
2026-06-19,DAY,MI,MI 5,0.0,0.0,494.0,316.0,1771.0,1663.0
2026-06-19,DAY,MI,MI 6,0.0,0.0,279.0,300.0,1000.0,1085.0
2026-06-19,DAY,MI,MI 7,0.0,0.0,410.0,226.0,1470.0,1209.0
2026-06-20,DAY,MI,MI 2,0.0,0.0,2860.0,2860.0,2860.0,266.0
2026-06-20,DAY,MI,MI 3,0.0,0.0,753.0,625.0,2700.0,2595.0
2026-06-20,DAY,MI,MI 4,0.0,0.0,413.0,1480.0,1480.0,1480.0
2026-06-20,DAY,MI,MI 5,0.0,0.0,678.0,1880.0,2430.0,1404.0
2026-06-20,DAY,MI,MI 6,0.0,0.0,233.0,1123.0,836.0,528.0
2026-06-20,DAY,MI,MI 7,0.0,0.0,419.0,276.0,1500.0,1429.0
2026-06-21,DAY,MI,MI 2,0.0,0.0,2750.0,2203.0,2750.0,256.0
2026-06-21,DAY,MI,MI 3,0.0,0.0,652.0,359.0,2338.0,1889.0
2026-06-21,DAY,MI,MI 4,0.0,0.0,530.0,278.0,1900.0,935.0
2026-06-21,DAY,MI,MI 5,0.0,0.0,483.0,325.0,1730.0,1405.0
2026-06-21,DAY,MI,MI 6,0.0,0.0,474.0,295.0,1700.0,0.0
2026-06-21,DAY,MI,MI 7,0.0,0.0,399.0,116.0,1430.0,347.0
2026-06-22,DAY,MI,MI 2,0.0,0.0,767.0,2550.0,2750.0,256.0
2026-06-22,DAY,MI,MI 3,0.0,0.0,557.0,641.0,2520.0,2520.0
2026-06-22,DAY,MI,MI 4,0.0,0.0,804.0,2880.0,2880.0,2768.0
2026-06-22,DAY,MI,MI 5,0.0,0.0,502.0,427.0,1800.0,1638.0
2026-06-22,DAY,MI,MI 6,0.0,0.0,474.0,509.0,1700.0,1700.0
2026-06-22,DAY,MI,MI 7,0.0,0.0,260.0,274.0,930.0,775.0
2026-06-23,DAY,MI,MI 2,0.0,0.0,798.0,427.0,2860.0,266.0
2026-06-23,DAY,MI,MI 3,0.0,0.0,557.0,726.0,2880.0,2890.0
2026-06-23,DAY,MI,MI 4,0.0,0.0,722.0,2721.0,1765.0,1008.0
2026-06-23,DAY,MI,MI 5,0.0,0.0,502.0,562.0,1800.0,1779.0
2026-06-23,DAY,MI,MI 6,0.0,0.0,502.0,551.0,1800.0,1800.0
2026-06-23,DAY,MI,MI 7,0.0,0.0,435.0,459.0,1560.0,1639.0
2026-06-26,DAY,AI,SA01,1855.0,1875.0,0.0,0.0,0.0,0.0
2026-06-26,DAY,AI,SA02,1855.0,1500.0,0.0,0.0,0.0,0.0
2026-06-26,DAY,AI,SA03,1060.0,1050.0,0.0,0.0,0.0,0.0
2026-06-26,DAY,AI,SA04,1502.0,1560.0,0.0,0.0,0.0,0.0
2026-06-26,DAY,AI,SA05,1060.0,900.0,0.0,0.0,0.0,0.0
2026-06-26,DAY,AI,SA07,883.0,750.0,0.0,0.0,0.0,0.0
2026-06-26,DAY,AI,SA08,883.0,1000.0,0.0,0.0,0.0,0.0
2026-06-26,DAY,AI,SA10,530.0,245.0,0.0,0.0,0.0,0.0
2026-06-26,NIGHT,AI,SA01,1785.0,1998.0,0.0,0.0,0.0,0.0
2026-06-26,NIGHT,AI,SA02,1785.0,1627.0,0.0,0.0,0.0,0.0
2026-06-26,NIGHT,AI,SA03,1020.0,1083.0,0.0,0.0,0.0,0.0
2026-06-26,NIGHT,AI,SA04,1445.0,1639.0,0.0,0.0,0.0,0.0
2026-06-26,NIGHT,AI,SA05,1020.0,1206.0,0.0,0.0,0.0,0.0
2026-06-26,NIGHT,AI,SA07,1020.0,1247.0,0.0,0.0,0.0,0.0
2026-06-26,NIGHT,AI,SA08,1020.0,1421.0,0.0,0.0,0.0,0.0
2026-06-26,NIGHT,AI,SA10,1020.0,660.0,0.0,0.0,0.0,0.0
2026-06-25,DAY,AI,SA01,1855.0,1858.0,0.0,0.0,0.0,0.0
2026-06-25,DAY,AI,SA02,1502.0,1471.0,0.0,0.0,0.0,0.0
2026-06-25,DAY,AI,SA03,1060.0,881.0,0.0,0.0,0.0,0.0
2026-06-25,DAY,AI,SA04,1502.0,1487.0,0.0,0.0,0.0,0.0
2026-06-25,DAY,AI,SA05,1048.0,719.0,0.0,0.0,0.0,0.0
2026-06-25,DAY,AI,SA07,1060.0,834.0,0.0,0.0,0.0,0.0
2026-06-25,DAY,AI,SA08,1060.0,800.0,0.0,0.0,0.0,0.0
2026-06-25,DAY,AI,SA10,1060.0,85.0,0.0,0.0,0.0,0.0
2026-06-25,NIGHT,AI,SA01,1785.0,2023.0,0.0,0.0,0.0,0.0
2026-06-25,NIGHT,AI,SA02,1705.0,1078.0,0.0,0.0,0.0,0.0
2026-06-25,NIGHT,AI,SA03,1020.0,1211.0,0.0,0.0,0.0,0.0
2026-06-25,NIGHT,AI,SA04,1445.0,1539.0,0.0,0.0,0.0,0.0
2026-06-25,NIGHT,AI,SA05,1335.0,579.0,0.0,0.0,0.0,0.0
2026-06-25,NIGHT,AI,SA07,1785.0,0.0,0.0,0.0,0.0,0.0
2026-06-25,NIGHT,AI,SA08,1785.0,1208.0,0.0,0.0,0.0,0.0
2026-06-25,NIGHT,AI,SA10,470.0,484.0,0.0,0.0,0.0,0.0
2026-06-24,DAY,AI,SA01,1855.0,1900.0,0.0,0.0,0.0,0.0
2026-06-24,DAY,AI,SA02,1502.0,1350.0,0.0,0.0,0.0,0.0
2026-06-24,DAY,AI,SA03,1060.0,1000.0,0.0,0.0,0.0,0.0
2026-06-24,DAY,AI,SA04,1332.0,1100.0,0.0,0.0,0.0,0.0
2026-06-24,DAY,AI,SA05,1060.0,745.0,0.0,0.0,0.0,0.0
2026-06-24,DAY,AI,SA08,280.0,250.0,0.0,0.0,0.0,0.0
2026-06-24,DAY,AI,SA10,1060.0,672.0,0.0,0.0,0.0,0.0
2026-06-24,NIGHT,AI,SA01,1785.0,1967.0,0.0,0.0,0.0,0.0
2026-06-24,NIGHT,AI,SA02,1445.0,1464.0,0.0,0.0,0.0,0.0
2026-06-24,NIGHT,AI,SA03,1020.0,1453.0,0.0,0.0,0.0,0.0
2026-06-24,NIGHT,AI,SA04,1445.0,1604.0,0.0,0.0,0.0,0.0
2026-06-24,NIGHT,AI,SA05,1020.0,1044.0,0.0,0.0,0.0,0.0
2026-06-24,NIGHT,AI,SA07,1275.0,968.0,0.0,0.0,0.0,0.0
2026-06-24,NIGHT,AI,SA08,1275.0,1038.0,0.0,0.0,0.0,0.0
2026-06-24,NIGHT,AI,SA10,1020.0,983.0,0.0,0.0,0.0,0.0
2026-06-23,DAY,AI,SA01,1855.0,1856.0,0.0,0.0,0.0,0.0
2026-06-23,DAY,AI,SA02,1332.0,1042.0,0.0,0.0,0.0,0.0
2026-06-23,DAY,AI,SA03,940.0,731.0,0.0,0.0,0.0,0.0
2026-06-23,DAY,AI,SA04,1855.0,1852.0,0.0,0.0,0.0,0.0
2026-06-23,DAY,AI,SA05,1060.0,1067.0,0.0,0.0,0.0,0.0
2026-06-23,DAY,AI,SA08,280.0,250.0,0.0,0.0,0.0,0.0
2026-06-23,DAY,AI,SA10,50.0,0.0,0.0,0.0,0.0,0.0
2026-06-23,NIGHT,AI,SA01,1785.0,1975.0,0.0,0.0,0.0,0.0
2026-06-23,NIGHT,AI,SA02,1445.0,1309.0,0.0,0.0,0.0,0.0
2026-06-23,NIGHT,AI,SA03,1020.0,1170.0,0.0,0.0,0.0,0.0
2026-06-23,NIGHT,AI,SA04,1785.0,1866.0,0.0,0.0,0.0,0.0
2026-06-23,NIGHT,AI,SA05,1020.0,797.0,0.0,0.0,0.0,0.0
2026-06-23,NIGHT,AI,SA07,1275.0,1109.0,0.0,0.0,0.0,0.0
2026-06-23,NIGHT,AI,SA08,1275.0,1009.0,0.0,0.0,0.0,0.0
2026-06-23,NIGHT,AI,SA10,1020.0,378.0,0.0,0.0,0.0,0.0
2026-07-02,DAY,AI,SA01,1855.0,1846.0,0.0,0.0,0.0,0.0
2026-07-02,DAY,AI,SA02,1285.0,1029.0,0.0,0.0,0.0,0.0
2026-07-02,DAY,AI,SA03,1060.0,1145.0,0.0,0.0,0.0,0.0
2026-07-02,DAY,AI,SA04,1855.0,1855.0,0.0,0.0,0.0,0.0
2026-07-02,DAY,AI,SA05,596.0,702.0,0.0,0.0,0.0,0.0
2026-07-02,DAY,AI,SA07,1060.0,1060.0,0.0,0.0,0.0,0.0
2026-07-02,DAY,AI,SA08,1060.0,1060.0,0.0,0.0,0.0,0.0
2026-07-02,DAY,AI,SA10,1060.0,706.0,0.0,0.0,0.0,0.0
2026-07-02,NIGHT,AI,SA01,1785.0,1690.0,0.0,0.0,0.0,0.0
2026-07-02,NIGHT,AI,SA02,850.0,818.0,0.0,0.0,0.0,0.0
2026-07-02,NIGHT,AI,SA03,1020.0,1170.0,0.0,0.0,0.0,0.0
2026-07-02,NIGHT,AI,SA04,1628.0,1770.0,0.0,0.0,0.0,0.0
2026-07-02,NIGHT,AI,SA05,510.0,457.0,0.0,0.0,0.0,0.0
2026-07-02,NIGHT,AI,SA07,1190.0,1085.0,0.0,0.0,0.0,0.0
2026-07-02,NIGHT,AI,SA08,1190.0,1033.0,0.0,0.0,0.0,0.0
2026-07-02,NIGHT,AI,SA10,850.0,954.0,0.0,0.0,0.0,0.0
2026-07-01,DAY,AI,SA01,1720.0,1577.0,0.0,0.0,0.0,0.0
2026-07-01,DAY,AI,SA02,1855.0,1987.0,0.0,0.0,0.0,0.0
2026-07-01,DAY,AI,SA03,1060.0,1188.0,0.0,0.0,0.0,0.0
2026-07-01,DAY,AI,SA04,1855.0,1862.0,0.0,0.0,0.0,0.0
2026-07-01,DAY,AI,SA05,1315.0,989.0,0.0,0.0,0.0,0.0
2026-07-01,DAY,AI,SA07,1060.0,972.0,0.0,0.0,0.0,0.0
2026-07-01,DAY,AI,SA08,1060.0,951.0,0.0,0.0,0.0,0.0
2026-07-01,DAY,AI,SA10,530.0,457.0,0.0,0.0,0.0,0.0
2026-07-01,NIGHT,AI,SA01,1785.0,1680.0,0.0,0.0,0.0,0.0
2026-07-01,NIGHT,AI,SA02,1785.0,1841.0,0.0,0.0,0.0,0.0
2026-07-01,NIGHT,AI,SA03,1020.0,990.0,0.0,0.0,0.0,0.0
2026-07-01,NIGHT,AI,SA04,1445.0,1551.0,0.0,0.0,0.0,0.0
2026-07-01,NIGHT,AI,SA05,1575.0,1098.0,0.0,0.0,0.0,0.0
2026-07-01,NIGHT,AI,SA07,1190.0,615.0,0.0,0.0,0.0,0.0
2026-07-01,NIGHT,AI,SA08,1190.0,742.0,0.0,0.0,0.0,0.0
2026-07-01,NIGHT,AI,SA10,615.0,382.0,0.0,0.0,0.0,0.0
2026-06-30,DAY,AI,SA01,1855.0,1676.0,0.0,0.0,0.0,0.0
2026-06-30,DAY,AI,SA02,1855.0,1788.0,0.0,0.0,0.0,0.0
2026-06-30,DAY,AI,SA03,1855.0,1861.0,0.0,0.0,0.0,0.0
2026-06-30,DAY,AI,SA04,1502.0,1643.0,0.0,0.0,0.0,0.0
2026-06-30,DAY,AI,SA05,1060.0,1185.0,0.0,0.0,0.0,0.0
2026-06-30,DAY,AI,SA07,1060.0,620.0,0.0,0.0,0.0,0.0
2026-06-30,DAY,AI,SA08,1060.0,1239.0,0.0,0.0,0.0,0.0
2026-06-30,DAY,AI,SA10,1060.0,1312.0,0.0,0.0,0.0,0.0
2026-06-30,NIGHT,AI,SA01,1785.0,1234.0,0.0,0.0,0.0,0.0
2026-06-30,NIGHT,AI,SA02,1445.0,953.0,0.0,0.0,0.0,0.0
2026-06-30,NIGHT,AI,SA03,1785.0,780.0,0.0,0.0,0.0,0.0
2026-06-30,NIGHT,AI,SA04,1445.0,1530.0,0.0,0.0,0.0,0.0
2026-06-30,NIGHT,AI,SA05,1020.0,928.0,0.0,0.0,0.0,0.0
2026-06-30,NIGHT,AI,SA07,1020.0,603.0,0.0,0.0,0.0,0.0
2026-06-30,NIGHT,AI,SA08,1020.0,561.0,0.0,0.0,0.0,0.0
2026-06-30,NIGHT,AI,SA10,1190.0,843.0,0.0,0.0,0.0,0.0
2026-06-29,DAY,AI,SA01,1855.0,1910.0,0.0,0.0,0.0,0.0
2026-06-29,DAY,AI,SA02,1502.0,1232.0,0.0,0.0,0.0,0.0
2026-06-29,DAY,AI,SA03,1855.0,1276.0,0.0,0.0,0.0,0.0
2026-06-29,DAY,AI,SA04,1502.0,1515.0,0.0,0.0,0.0,0.0
2026-06-29,DAY,AI,SA05,1060.0,1234.0,0.0,0.0,0.0,0.0
2026-06-29,DAY,AI,SA07,1060.0,861.0,0.0,0.0,0.0,0.0
2026-06-29,DAY,AI,SA08,1060.0,1116.0,0.0,0.0,0.0,0.0
2026-06-29,DAY,AI,SA10,1046.0,846.0,0.0,0.0,0.0,0.0
2026-06-29,NIGHT,AI,SA01,1785.0,1234.0,0.0,0.0,0.0,0.0
2026-06-29,NIGHT,AI,SA02,1445.0,953.0,0.0,0.0,0.0,0.0
2026-06-29,NIGHT,AI,SA03,1785.0,780.0,0.0,0.0,0.0,0.0
2026-06-29,NIGHT,AI,SA04,1445.0,1530.0,0.0,0.0,0.0,0.0
2026-06-29,NIGHT,AI,SA05,1020.0,928.0,0.0,0.0,0.0,0.0
2026-06-29,NIGHT,AI,SA07,1020.0,603.0,0.0,0.0,0.0,0.0
2026-06-29,NIGHT,AI,SA08,1020.0,561.0,0.0,0.0,0.0,0.0
2026-06-29,NIGHT,AI,SA10,1190.0,843.0,0.0,0.0,0.0,0.0
2026-06-28,DAY,AI,SA01,1855.0,2125.0,0.0,0.0,0.0,0.0
2026-06-28,DAY,AI,SA02,1855.0,1680.0,0.0,0.0,0.0,0.0
2026-06-28,DAY,AI,SA03,1060.0,1035.0,0.0,0.0,0.0,0.0
2026-06-28,DAY,AI,SA04,1645.0,1675.0,0.0,0.0,0.0,0.0
2026-06-28,DAY,AI,SA05,1060.0,951.0,0.0,0.0,0.0,0.0
2026-06-28,DAY,AI,SA07,883.0,1350.0,0.0,0.0,0.0,0.0
2026-06-28,DAY,AI,SA08,883.0,1466.0,0.0,0.0,0.0,0.0
2026-06-28,DAY,AI,SA10,883.0,843.0,0.0,0.0,0.0,0.0
2026-06-28,NIGHT,AI,SA01,1785.0,1880.0,0.0,0.0,0.0,0.0
2026-06-28,NIGHT,AI,SA02,1785.0,1614.0,0.0,0.0,0.0,0.0
2026-06-28,NIGHT,AI,SA03,1020.0,940.0,0.0,0.0,0.0,0.0
2026-06-28,NIGHT,AI,SA04,1645.0,1580.0,0.0,0.0,0.0,0.0
2026-06-28,NIGHT,AI,SA05,1020.0,1246.0,0.0,0.0,0.0,0.0
2026-06-28,NIGHT,AI,SA07,1020.0,770.0,0.0,0.0,0.0,0.0
2026-06-28,NIGHT,AI,SA08,1020.0,860.0,0.0,0.0,0.0,0.0
2026-06-28,NIGHT,AI,SA10,765.0,440.0,0.0,0.0,0.0,0.0
2026-06-27,DAY,AI,SA01,1855.0,2125.0,0.0,0.0,0.0,0.0
2026-06-27,DAY,AI,SA02,1855.0,1680.0,0.0,0.0,0.0,0.0
2026-06-27,DAY,AI,SA03,1060.0,1035.0,0.0,0.0,0.0,0.0
2026-06-27,DAY,AI,SA04,1645.0,1675.0,0.0,0.0,0.0,0.0
2026-06-27,DAY,AI,SA05,1060.0,951.0,0.0,0.0,0.0,0.0
2026-06-27,DAY,AI,SA07,883.0,1350.0,0.0,0.0,0.0,0.0
2026-06-27,DAY,AI,SA08,883.0,1466.0,0.0,0.0,0.0,0.0
2026-06-27,DAY,AI,SA10,883.0,843.0,0.0,0.0,0.0,0.0
2026-06-27,NIGHT,AI,SA01,1785.0,1861.0,0.0,0.0,0.0,0.0
2026-06-27,NIGHT,AI,SA02,1785.0,1656.0,0.0,0.0,0.0,0.0
2026-06-27,NIGHT,AI,SA03,1020.0,1020.0,0.0,0.0,0.0,0.0
2026-06-27,NIGHT,AI,SA04,1785.0,1887.0,0.0,0.0,0.0,0.0
2026-06-27,NIGHT,AI,SA05,1020.0,1122.0,0.0,0.0,0.0,0.0
2026-06-27,NIGHT,AI,SA07,1020.0,1430.0,0.0,0.0,0.0,0.0
2026-06-27,NIGHT,AI,SA08,1020.0,1387.0,0.0,0.0,0.0,0.0
2026-06-27,NIGHT,AI,SA10,1785.0,1947.0,0.0,0.0,0.0,0.0
