TRAN_WORK_DATE,OPER,OPER_DESC,END_RES_ID,ORDER_MAD_ID,MAT_DESC,FINAL_MAT_ID,QTY
2026-06-22,100,P-AUTO,PA02,0737430076AA,"PD, PRODUCT, L43E60A_HVD(BN44-01424A)",0137430033CA,1
2026-06-22,100,P-AUTO,PA03,0737551382AA,"PD, PRODUCT, L55CA9N_HVD(BN44-01395A)",0137556089CA,2
2026-06-22,100,P-AUTO,PA05,0737551382AA,"PD, PRODUCT, L55CA9N_HVD(BN44-01395A)",0137556089CA,2349
2026-06-22,100,P-AUTO,PA01,0737551398AA,"PD, PRODUCT, L55E70A_HVD(BN44-01426A)",0137556092CA,1
2026-06-22,100,P-AUTO,PA03,0737551398AA,"PD, PRODUCT, L55E70A_HVD(BN44-01426A)",0137556092CA,1
2026-06-22,100,P-AUTO,PA07,0737551398AA,"PD, PRODUCT, L55E70A_HVD(BN44-01426A)",0137556092CA,3241
2026-06-22,100,P-AUTO,PA10,0737551408AA,"PD, PRODUCT, L55F70NA_HHS(BN44-01438A)",0137556101CA,1953
2026-06-22,100,P-AUTO,PA01,0737551465AA,"PD, PRODUCT, L55S7_HVD(BN44-01420E)",0137556113CA,1325
2026-06-22,100,P-AUTO,PA03,0737651637AA,"PD, PRODUCT, L65CA9N_HVD(BN44-01396A)",0137650478CA,2
2026-06-22,100,P-AUTO,PA05,0737651637AA,"PD, PRODUCT, L65CA9N_HVD(BN44-01396A)",0137650478CA,128
2026-06-22,100,P-AUTO,PA10,0737651637AA,"PD, PRODUCT, L65CA9N_HVD(BN44-01396A)",0137650478CA,12
2026-06-22,100,P-AUTO,PA01,0737651707AA,"PD, PRODUCT, L65S7_HVD(BN44-01421A)",0137650504CA,16
2026-06-22,100,P-AUTO,PA04,0737651707AA,"PD, PRODUCT, L65S7_HVD(BN44-01421A)",0137650504CA,33
2026-06-22,100,P-AUTO,PA02,0737751362AA,"PD, PRODUCT, L75S7_HVD(BN44-01422A)",0137750274CA,2463
2026-06-22,100,P-AUTO,PA03,0737751362AA,"PD, PRODUCT, L75S7_HVD(BN44-01422A)",0137750274CA,3176
2026-06-22,100,P-AUTO,PA04,0737751362AA,"PD, PRODUCT, L75S7_HVD(BN44-01422A)",0137750274CA,1
2026-06-22,100,P-AUTO,PA05,0737830116AA,"PD, PRODUCT, L83CA9N_HVD(BN44-01398A)",0137830051CA,2
2026-06-22,100,P-AUTO,PA01,0737551426AA,"ASSY, JOINT, L55S7_HVD(BN44-01420E), PCB, M/I",0537551263AA,7
2026-06-22,100,P-AUTO,PA02,0737551426AA,"ASSY, JOINT, L55S7_HVD(BN44-01420E), PCB, M/I",0537551263AA,880
2026-06-22,100,P-AUTO,PA04,0737551426AA,"ASSY, JOINT, L55S7_HVD(BN44-01420E), PCB, M/I",0537551263AA,4331
2026-06-22,100,P-AUTO,PA01,0737651755AA,"ASSY, JOINT, L65S7_HVD(BN44-01421A)",0537651444AA,2588
2026-06-22,200,P-SMD,PS02,0737430075AA,"PD, PRODUCT, L43E60A_HVD(BN44-01424A)",0137430033CA,20
2026-06-22,200,P-SMD,PS08,0737430075AA,"PD, PRODUCT, L43E60A_HVD(BN44-01424A)",0137430033CA,1
2026-06-22,200,P-SMD,PS01,0737551381AA,"PD, PRODUCT, L55CA9N_HVD(BN44-01395A)",0137556089CA,1081
2026-06-22,200,P-SMD,PS04,0737551381AA,"PD, PRODUCT, L55CA9N_HVD(BN44-01395A)",0137556089CA,46
2026-06-22,200,P-SMD,PS01,0737551397AA,"PD, PRODUCT, L55E70A_HVD(BN44-01426A)",0137556092CA,1185
2026-06-22,200,P-SMD,PS08,0737551397AA,"PD, PRODUCT, L55E70A_HVD(BN44-01426A)",0137556092CA,2768
2026-06-22,200,P-SMD,PS03,0737551407AA,"PD, PRODUCT, L55F70NA_HHS(BN44-01438A)",0137556101CA,2462
2026-06-22,200,P-SMD,PS02,0737551464AA,"PD, PRODUCT, L55S7_HVD(BN44-01420E)",0137556113CA,14
2026-06-22,200,P-SMD,PS05,0737551464AA,"PD, PRODUCT, L55S7_HVD(BN44-01420E)",0137556113CA,14
2026-06-22,200,P-SMD,PS01,0737651636AA,"PD, PRODUCT, L65CA9N_HVD(BN44-01396A)",0137650478CA,4
2026-06-22,200,P-SMD,PS02,0737651636AA,"PD, PRODUCT, L65CA9N_HVD(BN44-01396A)",0137650478CA,128
2026-06-22,200,P-SMD,PS01,0737651706AA,"PD, PRODUCT, L65S7_HVD(BN44-01421A)",0137650504CA,11
2026-06-22,200,P-SMD,PS02,0737651706AA,"PD, PRODUCT, L65S7_HVD(BN44-01421A)",0137650504CA,1331
2026-06-22,200,P-SMD,PS03,0737651706AA,"PD, PRODUCT, L65S7_HVD(BN44-01421A)",0137650504CA,7
2026-06-22,200,P-SMD,PS04,0737651706AA,"PD, PRODUCT, L65S7_HVD(BN44-01421A)",0137650504CA,2
2026-06-22,200,P-SMD,PS05,0737651706AA,"PD, PRODUCT, L65S7_HVD(BN44-01421A)",0137650504CA,1
2026-06-22,200,P-SMD,PS01,0737751361AA,"PD, PRODUCT, L75S7_HVD(BN44-01422A)",0137750274CA,2
2026-06-22,200,P-SMD,PS03,0737751361AA,"PD, PRODUCT, L75S7_HVD(BN44-01422A)",0137750274CA,1
2026-06-22,200,P-SMD,PS04,0737751361AA,"PD, PRODUCT, L75S7_HVD(BN44-01422A)",0137750274CA,2562
2026-06-22,200,P-SMD,PS05,0737751361AA,"PD, PRODUCT, L75S7_HVD(BN44-01422A)",0137750274CA,3892
2026-06-22,200,P-SMD,PS11,0737830115AA,"PD, PRODUCT, L83CA9N_HVD(BN44-01398A)",0137830051CA,130
2026-06-22,200,P-SMD,PS03,0737850474AA,"PD, PRODUCT, L85E70NA_HVD(BN44-01429A)",0137850179CA,1
2026-06-22,200,P-SMD,PS01,0737551425AA,"ASSY, JOINT, L55S7_HVD(BN44-01420E), PCB, M/I",0537551263AA,1
2026-06-22,200,P-SMD,PS02,0737551425AA,"ASSY, JOINT, L55S7_HVD(BN44-01420E), PCB, M/I",0537551263AA,1
2026-06-22,200,P-SMD,PS04,0737551425AA,"ASSY, JOINT, L55S7_HVD(BN44-01420E), PCB, M/I",0537551263AA,1176
2026-06-22,200,P-SMD,PS11,0737551425AA,"ASSY, JOINT, L55S7_HVD(BN44-01420E), PCB, M/I",0537551263AA,4044
2026-06-22,200,P-SMD,PS05,0737651515AA,"ASSY, JOINT, L65S7_FVD(BN44-01338A)",0537651325AA,2
2026-06-22,200,P-SMD,PS08,0737651515AA,"ASSY, JOINT, L65S7_FVD(BN44-01338A)",0537651325AA,1
2026-06-22,200,P-SMD,PS02,0737651754AA,"ASSY, JOINT, L65S7_HVD(BN44-01421A)",0537651444AA,1441
2026-06-22,300,P-PBA,PM07,0537551241AA,"PD, PRODUCT, L55CA9N_HVD(BN44-01395A)",0137556089CA,1205
2026-06-22,300,P-PBA,PM06,0537551249AA,"PD, PRODUCT, L55E70A_HVD(BN44-01426A)",0137556092CA,3298
2026-06-22,300,P-PBA,PM05,0537551254AA,"PD, PRODUCT, L55F70NA_HHS(BN44-01438A)",0137556101CA,3407
2026-06-22,300,P-PBA,PM02,0537551282AA,"PD, PRODUCT, L55S7_HVD(BN44-01420E)",0137556113CA,398
2026-06-22,300,P-PBA,PM03,0537651420AA,"PD, PRODUCT, L65S7_HVD(BN44-01421A)",0137650504CA,5
2026-06-22,300,P-PBA,PM04,0537651420AA,"PD, PRODUCT, L65S7_HVD(BN44-01421A)",0137650504CA,4075
2026-06-22,300,P-PBA,PM05,0537651420AA,"PD, PRODUCT, L65S7_HVD(BN44-01421A)",0137650504CA,4
2026-06-22,300,P-PBA,PM03,0537751193AA,"PD, PRODUCT, L75S7_HVD(BN44-01422A)",0137750274CA,5232
2026-06-22,300,P-PBA,PM07,0537830062AA,"PD, PRODUCT, L83CA9N_HVD(BN44-01398A)",0137830051CA,943
2026-06-22,300,P-PBA,PM02,0537551263AA,"ASSY, JOINT, L55S7_HVD(BN44-01420E), PCB, M/I",0537551263AA,5037
2026-06-22,300,P-PBA,PM03,0537651325AA,"ASSY, JOINT, L65S7_FVD(BN44-01338A)",0537651325AA,64
2026-06-22,300,P-PBA,PM04,0537651444AA,"ASSY, JOINT, L65S7_HVD(BN44-01421A)",0537651444AA,816
2026-06-22,300,P-PBA,PM03,0537751142AA,"ASSY, JOINT, L75S7_FVD(BN44-01339A)",0537751142AA,200
2026-06-22,400,P-ATE,PD-ATE-07,0137556089CA,"PD, PRODUCT, L55CA9N_HVD(BN44-01395A)",0137556089CA,654
2026-06-22,400,P-ATE,PD-ATE-06,0137556092CA,"PD, PRODUCT, L55E70A_HVD(BN44-01426A)",0137556092CA,3273
2026-06-22,400,P-ATE,PD-ATE-05,0137556101CA,"PD, PRODUCT, L55F70NA_HHS(BN44-01438A)",0137556101CA,3080
2026-06-22,400,P-ATE,PD-ATE-02,0137556113CA,"PD, PRODUCT, L55S7_HVD(BN44-01420E)",0137556113CA,400
2026-06-22,400,P-ATE,PD-ATE-04,0137650504CA,"PD, PRODUCT, L65S7_HVD(BN44-01421A)",0137650504CA,3995
2026-06-22,400,P-ATE,PD-ATE-03,0137750274CA,"PD, PRODUCT, L75S7_HVD(BN44-01422A)",0137750274CA,5062
2026-06-22,400,P-ATE,PD-ATE-03,0137750275CA,"PD, PRODUCT, L75S7A_HVD(BN44-01422B)",0137750275CA,49
2026-06-22,400,P-ATE,PD-ATE-07,0137830051CA,"PD, PRODUCT, L83CA9N_HVD(BN44-01398A)",0137830051CA,891
2026-06-22,400,P-ATE,PD-ATE-02,0187320196PP,"E-PAPER, PRODUCT, EM42DX",0187320196PP,80
2026-06-22,400,P-ATE,PD-ATE-02,0187320197PP,"E-PAPER, PRODUCT, EM42DX",0187320197PP,20
2026-06-22,600,ASSY,DSP-03,0187550426CA,"3IN1, PRODUCT, U8000H",0187550426CA,4969
2026-06-22,600,ASSY,DSP-03,0187750082CA,"3IN1, PRODUCT, BEFX-H",0187750082CA,21
2026-06-22,600,ASSY,DSP-03,0187750089CA,"3IN1, PRODUCT, U8000F",0187750089CA,28
2026-06-23,100,P-AUTO,PA02,0737430076AA,"PD, PRODUCT, L43E60A_HVD(BN44-01424A)",0137430033CA,3
2026-06-23,100,P-AUTO,PA08,0737430076AA,"PD, PRODUCT, L43E60A_HVD(BN44-01424A)",0137430033CA,71
2026-06-23,100,P-AUTO,PA10,0737430076AA,"PD, PRODUCT, L43E60A_HVD(BN44-01424A)",0137430033CA,500
2026-06-23,100,P-AUTO,PA05,0737500072AA,"PD, PRODUCT, L50E60A_HVD(BN44-01425A)",0137500041CA,279
2026-06-23,100,P-AUTO,PA03,0737551382AA,"PD, PRODUCT, L55CA9N_HVD(BN44-01395A)",0137556089CA,20
2026-06-23,100,P-AUTO,PA05,0737551382AA,"PD, PRODUCT, L55CA9N_HVD(BN44-01395A)",0137556089CA,1883
2026-06-23,100,P-AUTO,PA07,0737551398AA,"PD, PRODUCT, L55E70A_HVD(BN44-01426A)",0137556092CA,2303
2026-06-23,100,P-AUTO,PA08,0737551398AA,"PD, PRODUCT, L55E70A_HVD(BN44-01426A)",0137556092CA,1515
2026-06-23,100,P-AUTO,PA01,0737551465AA,"PD, PRODUCT, L55S7_HVD(BN44-01420E)",0137556113CA,75
2026-06-23,100,P-AUTO,PA04,0737551465AA,"PD, PRODUCT, L55S7_HVD(BN44-01420E)",0137556113CA,2084
2026-06-23,100,P-AUTO,PA03,0737651637AA,"PD, PRODUCT, L65CA9N_HVD(BN44-01396A)",0137650478CA,2176
2026-06-23,100,P-AUTO,PA05,0737651637AA,"PD, PRODUCT, L65CA9N_HVD(BN44-01396A)",0137650478CA,9
2026-06-23,100,P-AUTO,PA01,0737651707AA,"PD, PRODUCT, L65S7_HVD(BN44-01421A)",0137650504CA,3
2026-06-23,100,P-AUTO,PA04,0737651707AA,"PD, PRODUCT, L65S7_HVD(BN44-01421A)",0137650504CA,1
2026-06-23,100,P-AUTO,PA10,0737651745AA,"PD, PRODUCT, L65FE8N_HHS(BN44-01441A)",0137650521CA,105
2026-06-23,100,P-AUTO,PA02,0737751362AA,"PD, PRODUCT, L75S7_HVD(BN44-01422A)",0137750274CA,510
2026-06-23,100,P-AUTO,PA02,0737751364AA,"PD, PRODUCT, L75S7A_HVD(BN44-01422B)",0137750275CA,1862
2026-06-23,100,P-AUTO,PA01,0737551426AA,"ASSY, JOINT, L55S7_HVD(BN44-01420E), PCB, M/I",0537551263AA,4321
2026-06-23,100,P-AUTO,PA02,0737551426AA,"ASSY, JOINT, L55S7_HVD(BN44-01420E), PCB, M/I",0537551263AA,60
2026-06-23,100,P-AUTO,PA04,0737551426AA,"ASSY, JOINT, L55S7_HVD(BN44-01420E), PCB, M/I",0537551263AA,2112
2026-06-23,200,P-SMD,PS03,0737430075AA,"PD, PRODUCT, L43E60A_HVD(BN44-01424A)",0137430033CA,1318
2026-06-23,200,P-SMD,PS11,0737551381AA,"PD, PRODUCT, L55CA9N_HVD(BN44-01395A)",0137556089CA,1755
2026-06-23,200,P-SMD,PS01,0737551397AA,"PD, PRODUCT, L55E70A_HVD(BN44-01426A)",0137556092CA,35
2026-06-23,200,P-SMD,PS04,0737551397AA,"PD, PRODUCT, L55E70A_HVD(BN44-01426A)",0137556092CA,1733
2026-06-23,200,P-SMD,PS08,0737551397AA,"PD, PRODUCT, L55E70A_HVD(BN44-01426A)",0137556092CA,2277
2026-06-23,200,P-SMD,PS03,0737551407AA,"PD, PRODUCT, L55F70NA_HHS(BN44-01438A)",0137556101CA,1093
2026-06-23,200,P-SMD,PS01,0737551464AA,"PD, PRODUCT, L55S7_HVD(BN44-01420E)",0137556113CA,1162
2026-06-23,200,P-SMD,PS02,0737551464AA,"PD, PRODUCT, L55S7_HVD(BN44-01420E)",0137556113CA,3
2026-06-23,200,P-SMD,PS05,0737551464AA,"PD, PRODUCT, L55S7_HVD(BN44-01420E)",0137556113CA,4
2026-06-23,200,P-SMD,PS06,0737551464AA,"PD, PRODUCT, L55S7_HVD(BN44-01420E)",0137556113CA,733
2026-06-23,200,P-SMD,PS01,0737651636AA,"PD, PRODUCT, L65CA9N_HVD(BN44-01396A)",0137650478CA,1322
2026-06-23,200,P-SMD,PS02,0737651636AA,"PD, PRODUCT, L65CA9N_HVD(BN44-01396A)",0137650478CA,8
2026-06-23,200,P-SMD,PS10,0737651706AA,"PD, PRODUCT, L65S7_HVD(BN44-01421A)",0137650504CA,41
2026-06-23,200,P-SMD,PS05,0737751361AA,"PD, PRODUCT, L75S7_HVD(BN44-01422A)",0137750274CA,2181
2026-06-23,200,P-SMD,PS05,0737751363AA,"PD, PRODUCT, L75S7A_HVD(BN44-01422B)",0137750275CA,1405
2026-06-23,200,P-SMD,PS02,0737551425AA,"ASSY, JOINT, L55S7_HVD(BN44-01420E), PCB, M/I",0537551263AA,6171
2026-06-23,200,P-SMD,PS04,0737551425AA,"ASSY, JOINT, L55S7_HVD(BN44-01420E), PCB, M/I",0537551263AA,3
2026-06-23,200,P-SMD,PS11,0737551425AA,"ASSY, JOINT, L55S7_HVD(BN44-01420E), PCB, M/I",0537551263AA,27
2026-06-23,200,P-SMD,PS02,0737651682AA,"ASSY, JOINT, L55S7_HVD(BN44-01420E), PCB, M/I",0537551263AA,2
2026-06-23,200,P-SMD,PS02,0737651754AA,"ASSY, JOINT, L65S7_HVD(BN44-01421A)",0537651444AA,2
2026-06-23,200,P-SMD,PS04,0737651754AA,"ASSY, JOINT, L65S7_HVD(BN44-01421A)",0537651444AA,1143
2026-06-23,300,P-PBA,PM05,0537430035AA,"PD, PRODUCT, L43E60A_HVD(BN44-01424A)",0137430033CA,1149
2026-06-23,300,P-PBA,PM07,0537551241AA,"PD, PRODUCT, L55CA9N_HVD(BN44-01395A)",0137556089CA,3024
2026-06-23,300,P-PBA,PM06,0537551249AA,"PD, PRODUCT, L55E70A_HVD(BN44-01426A)",0137556092CA,3502
2026-06-23,300,P-PBA,PM05,0537551254AA,"PD, PRODUCT, L55F70NA_HHS(BN44-01438A)",0137556101CA,2306
2026-06-23,300,P-PBA,PM02,0537551282AA,"PD, PRODUCT, L55S7_HVD(BN44-01420E)",0137556113CA,900
2026-06-23,300,P-PBA,PM03,0537551282AA,"PD, PRODUCT, L55S7_HVD(BN44-01420E)",0137556113CA,2
2026-06-23,300,P-PBA,PM04,0537551282AA,"PD, PRODUCT, L55S7_HVD(BN44-01420E)",0137556113CA,1360
2026-06-23,300,P-PBA,PM04,0537651385AA,"PD, PRODUCT, L65CA9N_HVD(BN44-01396A)",0137650478CA,677
2026-06-23,300,P-PBA,PM04,0537651420AA,"PD, PRODUCT, L65S7_HVD(BN44-01421A)",0137650504CA,1073
2026-06-23,300,P-PBA,PM03,0537751193AA,"PD, PRODUCT, L75S7_HVD(BN44-01422A)",0137750274CA,4748
2026-06-23,300,P-PBA,PM03,0537751194AA,"PD, PRODUCT, L75S7A_HVD(BN44-01422B)",0137750275CA,772
2026-06-23,300,P-PBA,PM02,0537551263AA,"ASSY, JOINT, L55S7_HVD(BN44-01420E), PCB, M/I",0537551263AA,4681
2026-06-23,300,P-PBA,PM05,0537651325AA,"ASSY, JOINT, L65S7_FVD(BN44-01338A)",0537651325AA,1
2026-06-23,300,P-PBA,PM04,0537651444AA,"ASSY, JOINT, L65S7_HVD(BN44-01421A)",0537651444AA,1707
2026-06-23,300,P-PBA,PM03,0537751142AA,"ASSY, JOINT, L75S7_FVD(BN44-01339A)",0537751142AA,1
2026-06-23,400,P-ATE,PD-ATE-05,0137430033CA,"PD, PRODUCT, L43E60A_HVD(BN44-01424A)",0137430033CA,963
2026-06-23,400,P-ATE,PD-ATE-07,0137556089CA,"PD, PRODUCT, L55CA9N_HVD(BN44-01395A)",0137556089CA,3098
2026-06-23,400,P-ATE,PD-ATE-06,0137556092CA,"PD, PRODUCT, L55E70A_HVD(BN44-01426A)",0137556092CA,3469
2026-06-23,400,P-ATE,PD-ATE-05,0137556101CA,"PD, PRODUCT, L55F70NA_HHS(BN44-01438A)",0137556101CA,2647
2026-06-23,400,P-ATE,PD-ATE-02,0137556113CA,"PD, PRODUCT, L55S7_HVD(BN44-01420E)",0137556113CA,937
2026-06-23,400,P-ATE,PD-ATE-04,0137556113CA,"PD, PRODUCT, L55S7_HVD(BN44-01420E)",0137556113CA,1360
2026-06-23,400,P-ATE,PD-ATE-04,0137650478CA,"PD, PRODUCT, L65CA9N_HVD(BN44-01396A)",0137650478CA,391
2026-06-23,400,P-ATE,PD-ATE-03,0137650504CA,"PD, PRODUCT, L65S7_HVD(BN44-01421A)",0137650504CA,99
2026-06-23,400,P-ATE,PD-ATE-04,0137650504CA,"PD, PRODUCT, L65S7_HVD(BN44-01421A)",0137650504CA,1021
2026-06-23,400,P-ATE,PD-ATE-03,0137750274CA,"PD, PRODUCT, L75S7_HVD(BN44-01422A)",0137750274CA,4850
2026-06-23,400,P-ATE,PD-ATE-03,0137750275CA,"PD, PRODUCT, L75S7A_HVD(BN44-01422B)",0137750275CA,469
2026-06-23,600,ASSY,DSP-03,0187550426CA,"3IN1, PRODUCT, U8000H",0187550426CA,4199
2026-06-23,600,ASSY,DSP-03,0187580071CA,"3IN1, PRODUCT, U8000H",0187580071CA,704
2026-06-23,600,ASSY,DSP-03,0187650239CA,"3IN1, PRODUCT, U8000F",0187650239CA,80
2026-06-23,600,ASSY,DSP-03,0187750081CA,"3IN1, PRODUCT, BEFX-H",0187750081CA,125
2026-06-24,100,P-AUTO,PA08,0737430076AA,"PD, PRODUCT, L43E60A_HVD(BN44-01424A)",0137430033CA,12
2026-06-24,100,P-AUTO,PA05,0737500072AA,"PD, PRODUCT, L50E60A_HVD(BN44-01425A)",0137500041CA,2099
2026-06-24,100,P-AUTO,PA01,0737551382AA,"PD, PRODUCT, L55CA9N_HVD(BN44-01395A)",0137556089CA,1
2026-06-24,100,P-AUTO,PA03,0737551382AA,"PD, PRODUCT, L55CA9N_HVD(BN44-01395A)",0137556089CA,26
2026-06-24,100,P-AUTO,PA01,0737551398AA,"PD, PRODUCT, L55E70A_HVD(BN44-01426A)",0137556092CA,1
2026-06-24,100,P-AUTO,PA07,0737551398AA,"PD, PRODUCT, L55E70A_HVD(BN44-01426A)",0137556092CA,531
2026-06-24,100,P-AUTO,PA08,0737551398AA,"PD, PRODUCT, L55E70A_HVD(BN44-01426A)",0137556092CA,1700
2026-06-24,100,P-AUTO,PA07,0737551461AA,"PD, PRODUCT, L55E70NA_HVD(BN44-01426B)",0137556107CA,1075
2026-06-24,100,P-AUTO,PA08,0737551461AA,"PD, PRODUCT, L55E70NA_HVD(BN44-01426B)",0137556107CA,920
2026-06-24,100,P-AUTO,PA01,0737551465AA,"PD, PRODUCT, L55S7_HVD(BN44-01420E)",0137556113CA,2085
2026-06-24,100,P-AUTO,PA02,0737551465AA,"PD, PRODUCT, L55S7_HVD(BN44-01420E)",0137556113CA,4
2026-06-24,100,P-AUTO,PA03,0737651637AA,"PD, PRODUCT, L65CA9N_HVD(BN44-01396A)",0137650478CA,2804
2026-06-24,100,P-AUTO,PA05,0737651637AA,"PD, PRODUCT, L65CA9N_HVD(BN44-01396A)",0137650478CA,9
2026-06-24,100,P-AUTO,PA01,0737651683AA,"PD, PRODUCT, L65S8_HVD (BN44-01433A)",0137650496CA,1
2026-06-24,100,P-AUTO,PA01,0737651707AA,"PD, PRODUCT, L65S7_HVD(BN44-01421A)",0137650504CA,19
2026-06-24,100,P-AUTO,PA02,0737651707AA,"PD, PRODUCT, L65S7_HVD(BN44-01421A)",0137650504CA,2
2026-06-24,100,P-AUTO,PA02,0737651709AA,"PD, PRODUCT, L65S7A_HVD(BN44-01421B)",0137650505CA,17
2026-06-24,100,P-AUTO,PA10,0737651745AA,"PD, PRODUCT, L65FE8N_HHS(BN44-01441A)",0137650521CA,1828
2026-06-24,100,P-AUTO,PA02,0737651821PP,"PD, PRODUCT, L65SD7_HVD(BN44-XXXXXX)",0137650552PP,40
2026-06-24,100,P-AUTO,PA02,0737751362AA,"PD, PRODUCT, L75S7_HVD(BN44-01422A)",0137750274CA,5
2026-06-24,100,P-AUTO,PA01,0737751364AA,"PD, PRODUCT, L75S7A_HVD(BN44-01422B)",0137750275CA,3
2026-06-24,100,P-AUTO,PA02,0737751364AA,"PD, PRODUCT, L75S7A_HVD(BN44-01422B)",0137750275CA,3200
2026-06-24,100,P-AUTO,PA03,0737751364AA,"PD, PRODUCT, L75S7A_HVD(BN44-01422B)",0137750275CA,18
2026-06-24,100,P-AUTO,PA04,0737751364AA,"PD, PRODUCT, L75S7A_HVD(BN44-01422B)",0137750275CA,2970
2026-06-24,100,P-AUTO,PA01,0737551426AA,"ASSY, JOINT, L55S7_HVD(BN44-01420E), PCB, M/I",0537551263AA,2249
2026-06-24,100,P-AUTO,PA01,0737651516AA,"ASSY, JOINT, L65S7_FVD(BN44-01338A)",0537651325AA,1
2026-06-24,100,P-AUTO,PA01,0737751260AA,"ASSY, JOINT, L75S7_FVD(BN44-01339A)",0537751142AA,1
2026-06-24,200,P-SMD,PS03,0737430075AA,"PD, PRODUCT, L43E60A_HVD(BN44-01424A)",0137430033CA,323
2026-06-24,200,P-SMD,PS01,0737551381AA,"PD, PRODUCT, L55CA9N_HVD(BN44-01395A)",0137556089CA,6
2026-06-24,200,P-SMD,PS03,0737551381AA,"PD, PRODUCT, L55CA9N_HVD(BN44-01395A)",0137556089CA,236
2026-06-24,200,P-SMD,PS04,0737551381AA,"PD, PRODUCT, L55CA9N_HVD(BN44-01395A)",0137556089CA,1
2026-06-24,200,P-SMD,PS11,0737551381AA,"PD, PRODUCT, L55CA9N_HVD(BN44-01395A)",0137556089CA,1822
2026-06-24,200,P-SMD,PS01,0737551397AA,"PD, PRODUCT, L55E70A_HVD(BN44-01426A)",0137556092CA,1
2026-06-24,200,P-SMD,PS04,0737551397AA,"PD, PRODUCT, L55E70A_HVD(BN44-01426A)",0137556092CA,1210
2026-06-24,200,P-SMD,PS08,0737551397AA,"PD, PRODUCT, L55E70A_HVD(BN44-01426A)",0137556092CA,2488
2026-06-24,200,P-SMD,PS01,0737551464AA,"PD, PRODUCT, L55S7_HVD(BN44-01420E)",0137556113CA,3
2026-06-24,200,P-SMD,PS02,0737551464AA,"PD, PRODUCT, L55S7_HVD(BN44-01420E)",0137556113CA,2451
2026-06-24,200,P-SMD,PS05,0737551464AA,"PD, PRODUCT, L55S7_HVD(BN44-01420E)",0137556113CA,7
2026-06-24,200,P-SMD,PS06,0737551464AA,"PD, PRODUCT, L55S7_HVD(BN44-01420E)",0137556113CA,603
2026-06-24,200,P-SMD,PS01,0737651636AA,"PD, PRODUCT, L65CA9N_HVD(BN44-01396A)",0137650478CA,2808
2026-06-24,200,P-SMD,PS02,0737651636AA,"PD, PRODUCT, L65CA9N_HVD(BN44-01396A)",0137650478CA,4
2026-06-24,200,P-SMD,PS01,0737651682AA,"PD, PRODUCT, L65S8_HVD (BN44-01433A)",0137650496CA,1
2026-06-24,200,P-SMD,PS04,0737651706AA,"PD, PRODUCT, L65S7_HVD(BN44-01421A)",0137650504CA,2
2026-06-24,200,P-SMD,PS05,0737651706AA,"PD, PRODUCT, L65S7_HVD(BN44-01421A)",0137650504CA,8
2026-06-24,200,P-SMD,PS06,0737651706AA,"PD, PRODUCT, L65S7_HVD(BN44-01421A)",0137650504CA,1067
2026-06-24,200,P-SMD,PS08,0737651706AA,"PD, PRODUCT, L65S7_HVD(BN44-01421A)",0137650504CA,58
2026-06-24,200,P-SMD,PS10,0737651706AA,"PD, PRODUCT, L65S7_HVD(BN44-01421A)",0137650504CA,172
2026-06-24,200,P-SMD,PS04,0737651744AA,"PD, PRODUCT, L65FE8N_HHS(BN44-01441A)",0137650521CA,863
2026-06-24,200,P-SMD,PS11,0737651744AA,"PD, PRODUCT, L65FE8N_HHS(BN44-01441A)",0137650521CA,1
2026-06-24,200,P-SMD,PS03,0737651820PP,"PD, PRODUCT, L65SD7_HVD(BN44-XXXXXX)",0137650552PP,40
2026-06-24,200,P-SMD,PS02,0737751361AA,"PD, PRODUCT, L75S7_HVD(BN44-01422A)",0137750274CA,1
2026-06-24,200,P-SMD,PS05,0737751361AA,"PD, PRODUCT, L75S7_HVD(BN44-01422A)",0137750274CA,8
2026-06-24,200,P-SMD,PS01,0737751363AA,"PD, PRODUCT, L75S7A_HVD(BN44-01422B)",0137750275CA,2
2026-06-24,200,P-SMD,PS03,0737751363AA,"PD, PRODUCT, L75S7A_HVD(BN44-01422B)",0137750275CA,2117
2026-06-24,200,P-SMD,PS05,0737751363AA,"PD, PRODUCT, L75S7A_HVD(BN44-01422B)",0137750275CA,3564
2026-06-24,200,P-SMD,PS02,0737551425AA,"ASSY, JOINT, L55S7_HVD(BN44-01420E), PCB, M/I",0537551263AA,1439
2026-06-24,200,P-SMD,PS03,0737551425AA,"ASSY, JOINT, L55S7_HVD(BN44-01420E), PCB, M/I",0537551263AA,2
2026-06-24,200,P-SMD,PS11,0737551425AA,"ASSY, JOINT, L55S7_HVD(BN44-01420E), PCB, M/I",0537551263AA,1
2026-06-24,200,P-SMD,PS01,0737651515AA,"ASSY, JOINT, L65S7_FVD(BN44-01338A)",0537651325AA,1
2026-06-24,200,P-SMD,PS01,0737751259AA,"ASSY, JOINT, L75S7_FVD(BN44-01339A)",0537751142AA,1
2026-06-24,300,P-PBA,PM05,0537430035AA,"PD, PRODUCT, L43E60A_HVD(BN44-01424A)",0137430033CA,1743
2026-06-24,300,P-PBA,PM07,0537551241AA,"PD, PRODUCT, L55CA9N_HVD(BN44-01395A)",0137556089CA,2183
2026-06-24,300,P-PBA,PM06,0537551249AA,"PD, PRODUCT, L55E70A_HVD(BN44-01426A)",0137556092CA,3505
2026-06-24,300,P-PBA,PM02,0537551282AA,"PD, PRODUCT, L55S7_HVD(BN44-01420E)",0137556113CA,2082
2026-06-24,300,P-PBA,PM05,0537551282AA,"PD, PRODUCT, L55S7_HVD(BN44-01420E)",0137556113CA,1139
2026-06-24,300,P-PBA,PM04,0537651385AA,"PD, PRODUCT, L65CA9N_HVD(BN44-01396A)",0137650478CA,2613
2026-06-24,300,P-PBA,PM01,0537651408AA,"PD, PRODUCT, L65S8_HVD (BN44-01433A)",0137650496CA,1
2026-06-24,300,P-PBA,PM05,0537651439AA,"PD, PRODUCT, L65FE8N_HHS(BN44-01441A)",0137650521CA,681
2026-06-24,300,P-PBA,PM06,0537651439AA,"PD, PRODUCT, L65FE8N_HHS(BN44-01441A)",0137650521CA,3
2026-06-24,300,P-PBA,PM04,0537751193AA,"PD, PRODUCT, L75S7_HVD(BN44-01422A)",0137750274CA,1
2026-06-24,300,P-PBA,PM01,0537751194AA,"PD, PRODUCT, L75S7A_HVD(BN44-01422B)",0137750275CA,1
2026-06-24,300,P-PBA,PM03,0537751194AA,"PD, PRODUCT, L75S7A_HVD(BN44-01422B)",0137750275CA,5527
2026-06-24,300,P-PBA,PM02,0537551263AA,"ASSY, JOINT, L55S7_HVD(BN44-01420E), PCB, M/I",0537551263AA,3481
2026-06-24,300,P-PBA,PM01,0537651325AA,"ASSY, JOINT, L65S7_FVD(BN44-01338A)",0537651325AA,1
2026-06-24,300,P-PBA,PM04,0537651444AA,"ASSY, JOINT, L65S7_HVD(BN44-01421A)",0537651444AA,12
2026-06-24,400,P-ATE,PD-ATE-05,0137430033CA,"PD, PRODUCT, L43E60A_HVD(BN44-01424A)",0137430033CA,1855
2026-06-24,400,P-ATE,PD-ATE-07,0137556089CA,"PD, PRODUCT, L55CA9N_HVD(BN44-01395A)",0137556089CA,2484
2026-06-24,400,P-ATE,PD-ATE-06,0137556092CA,"PD, PRODUCT, L55E70A_HVD(BN44-01426A)",0137556092CA,3530
2026-06-24,400,P-ATE,PD-ATE-02,0137556113CA,"PD, PRODUCT, L55S7_HVD(BN44-01420E)",0137556113CA,2217
2026-06-24,400,P-ATE,PD-ATE-05,0137556113CA,"PD, PRODUCT, L55S7_HVD(BN44-01420E)",0137556113CA,1015
2026-06-24,400,P-ATE,PD-ATE-04,0137650478CA,"PD, PRODUCT, L65CA9N_HVD(BN44-01396A)",0137650478CA,2810
2026-06-24,400,P-ATE,PD-ATE-05,0137650521CA,"PD, PRODUCT, L65FE8N_HHS(BN44-01441A)",0137650521CA,490
2026-06-24,400,P-ATE,PD-ATE-03,0137750274CA,"PD, PRODUCT, L75S7_HVD(BN44-01422A)",0137750274CA,42
2026-06-24,400,P-ATE,PD-ATE-03,0137750275CA,"PD, PRODUCT, L75S7A_HVD(BN44-01422B)",0137750275CA,5579
2026-06-24,600,ASSY,DSP-03,0187550426CA,"3IN1, PRODUCT, U8000H",0187550426CA,1824
2026-06-24,600,ASSY,DSP-03,0187550437CA,"3IN1, PRODUCT, M70H",0187550437CA,1298
2026-06-24,600,ASSY,DSP-03,0187580071CA,"3IN1, PRODUCT, U8000H",0187580071CA,1795
2026-06-25,100,P-AUTO,PA05,0737500072AA,"PD, PRODUCT, L50E60A_HVD(BN44-01425A)",0137500041CA,588
2026-06-25,100,P-AUTO,PA01,0737551382AA,"PD, PRODUCT, L55CA9N_HVD(BN44-01395A)",0137556089CA,5
2026-06-25,100,P-AUTO,PA05,0737551382AA,"PD, PRODUCT, L55CA9N_HVD(BN44-01395A)",0137556089CA,2
2026-06-25,100,P-AUTO,PA01,0737551398AA,"PD, PRODUCT, L55E70A_HVD(BN44-01426A)",0137556092CA,1
2026-06-25,100,P-AUTO,PA07,0737551461AA,"PD, PRODUCT, L55E70NA_HVD(BN44-01426B)",0137556107CA,835
2026-06-25,100,P-AUTO,PA08,0737551461AA,"PD, PRODUCT, L55E70NA_HVD(BN44-01426B)",0137556107CA,819
2026-06-25,100,P-AUTO,PA01,0737551465AA,"PD, PRODUCT, L55S7_HVD(BN44-01420E)",0137556113CA,14
2026-06-25,100,P-AUTO,PA02,0737551465AA,"PD, PRODUCT, L55S7_HVD(BN44-01420E)",0137556113CA,2
2026-06-25,100,P-AUTO,PA04,0737551465AA,"PD, PRODUCT, L55S7_HVD(BN44-01420E)",0137556113CA,13
2026-06-25,100,P-AUTO,PA07,0737551465AA,"PD, PRODUCT, L55S7_HVD(BN44-01420E)",0137556113CA,3
2026-06-25,100,P-AUTO,PA08,0737551465AA,"PD, PRODUCT, L55S7_HVD(BN44-01420E)",0137556113CA,1400
2026-06-25,100,P-AUTO,PA03,0737651454AA,"PD, PRODUCT, L65CA9N_FVD(BN44-01324A)",0137650385CA,100
2026-06-25,100,P-AUTO,PA01,0737651637AA,"PD, PRODUCT, L65CA9N_HVD(BN44-01396A)",0137650478CA,3
2026-06-25,100,P-AUTO,PA02,0737651637AA,"PD, PRODUCT, L65CA9N_HVD(BN44-01396A)",0137650478CA,1
2026-06-25,100,P-AUTO,PA03,0737651637AA,"PD, PRODUCT, L65CA9N_HVD(BN44-01396A)",0137650478CA,2428
2026-06-25,100,P-AUTO,PA05,0737651637AA,"PD, PRODUCT, L65CA9N_HVD(BN44-01396A)",0137650478CA,74
2026-06-25,100,P-AUTO,PA01,0737651707AA,"PD, PRODUCT, L65S7_HVD(BN44-01421A)",0137650504CA,7
2026-06-25,100,P-AUTO,PA04,0737651707AA,"PD, PRODUCT, L65S7_HVD(BN44-01421A)",0137650504CA,4
2026-06-25,100,P-AUTO,PA05,0737651707AA,"PD, PRODUCT, L65S7_HVD(BN44-01421A)",0137650504CA,1000
2026-06-25,100,P-AUTO,PA01,0737651749AA,"PD, PRODUCT, L65S8N_HVD (BN44-01433B)",0137650517CA,6
2026-06-25,100,P-AUTO,PA02,0737651749AA,"PD, PRODUCT, L65S8N_HVD (BN44-01433B)",0137650517CA,1033
2026-06-25,100,P-AUTO,PA01,0737651745AA,"PD, PRODUCT, L65FE8N_HHS(BN44-01441A)",0137650521CA,14
2026-06-25,100,P-AUTO,PA10,0737651745AA,"PD, PRODUCT, L65FE8N_HHS(BN44-01441A)",0137650521CA,95
2026-06-25,100,P-AUTO,PA01,0737751362AA,"PD, PRODUCT, L75S7_HVD(BN44-01422A)",0137750274CA,1
2026-06-25,100,P-AUTO,PA02,0737751364AA,"PD, PRODUCT, L75S7A_HVD(BN44-01422B)",0137750275CA,1977
2026-06-25,100,P-AUTO,PA04,0737751364AA,"PD, PRODUCT, L75S7A_HVD(BN44-01422B)",0137750275CA,3469
2026-06-25,100,P-AUTO,PA01,0737830116AA,"PD, PRODUCT, L83CA9N_HVD(BN44-01398A)",0137830051CA,3
2026-06-25,100,P-AUTO,PA05,0737830116AA,"PD, PRODUCT, L83CA9N_HVD(BN44-01398A)",0137830051CA,68
2026-06-25,100,P-AUTO,PA10,0737830116AA,"PD, PRODUCT, L83CA9N_HVD(BN44-01398A)",0137830051CA,513
2026-06-25,100,P-AUTO,PA01,0737850475AA,"PD, PRODUCT, L85E70NA_HVD(BN44-01429A)",0137850179CA,2
2026-06-25,100,P-AUTO,PA01,0737551426AA,"ASSY, JOINT, L55S7_HVD(BN44-01420E), PCB, M/I",0537551263AA,4318
2026-06-25,200,P-SMD,PS03,0737500071AA,"PD, PRODUCT, L50E60A_HVD(BN44-01425A)",0137500041CA,801
2026-06-25,200,P-SMD,PS01,0737551381AA,"PD, PRODUCT, L55CA9N_HVD(BN44-01395A)",0137556089CA,58
2026-06-25,200,P-SMD,PS04,0737551381AA,"PD, PRODUCT, L55CA9N_HVD(BN44-01395A)",0137556089CA,6
2026-06-25,200,P-SMD,PS11,0737551381AA,"PD, PRODUCT, L55CA9N_HVD(BN44-01395A)",0137556089CA,56
2026-06-25,200,P-SMD,PS04,0737551397AA,"PD, PRODUCT, L55E70A_HVD(BN44-01426A)",0137556092CA,1
2026-06-25,200,P-SMD,PS08,0737551397AA,"PD, PRODUCT, L55E70A_HVD(BN44-01426A)",0137556092CA,117
2026-06-25,200,P-SMD,PS08,0737551460AA,"PD, PRODUCT, L55E70NA_HVD(BN44-01426B)",0137556107CA,2098
2026-06-25,200,P-SMD,PS01,0737551464AA,"PD, PRODUCT, L55S7_HVD(BN44-01420E)",0137556113CA,3
2026-06-25,200,P-SMD,PS02,0737551464AA,"PD, PRODUCT, L55S7_HVD(BN44-01420E)",0137556113CA,356
2026-06-25,200,P-SMD,PS06,0737551464AA,"PD, PRODUCT, L55S7_HVD(BN44-01420E)",0137556113CA,2569
2026-06-25,200,P-SMD,PS01,0737651636AA,"PD, PRODUCT, L65CA9N_HVD(BN44-01396A)",0137650478CA,2799
2026-06-25,200,P-SMD,PS11,0737651636AA,"PD, PRODUCT, L65CA9N_HVD(BN44-01396A)",0137650478CA,119
2026-06-25,200,P-SMD,PS01,0737651706AA,"PD, PRODUCT, L65S7_HVD(BN44-01421A)",0137650504CA,6
2026-06-25,200,P-SMD,PS04,0737651706AA,"PD, PRODUCT, L65S7_HVD(BN44-01421A)",0137650504CA,1008
2026-06-25,200,P-SMD,PS06,0737651706AA,"PD, PRODUCT, L65S7_HVD(BN44-01421A)",0137650504CA,2
2026-06-25,200,P-SMD,PS01,0737651748AA,"PD, PRODUCT, L65S8N_HVD (BN44-01433B)",0137650517CA,6
2026-06-25,200,P-SMD,PS04,0737651748AA,"PD, PRODUCT, L65S8N_HVD (BN44-01433B)",0137650517CA,566
2026-06-25,200,P-SMD,PS04,0737651744AA,"PD, PRODUCT, L65FE8N_HHS(BN44-01441A)",0137650521CA,1153
2026-06-25,200,P-SMD,PS11,0737651744AA,"PD, PRODUCT, L65FE8N_HHS(BN44-01441A)",0137650521CA,1
2026-06-25,200,P-SMD,PS01,0737751361AA,"PD, PRODUCT, L75S7_HVD(BN44-01422A)",0137750274CA,1
2026-06-25,200,P-SMD,PS05,0737751361AA,"PD, PRODUCT, L75S7_HVD(BN44-01422A)",0137750274CA,2
2026-06-25,200,P-SMD,PS03,0737751363AA,"PD, PRODUCT, L75S7A_HVD(BN44-01422B)",0137750275CA,2216
2026-06-25,200,P-SMD,PS05,0737751363AA,"PD, PRODUCT, L75S7A_HVD(BN44-01422B)",0137750275CA,3737
2026-06-25,200,P-SMD,PS10,0737751385AA,"PD, PRODUCT, L75E70NA_HVD(BN44-01428A)",0137750280CA,1
2026-06-25,200,P-SMD,PS01,0737830115AA,"PD, PRODUCT, L83CA9N_HVD(BN44-01398A)",0137830051CA,3
2026-06-25,200,P-SMD,PS11,0737830115AA,"PD, PRODUCT, L83CA9N_HVD(BN44-01398A)",0137830051CA,1090
2026-06-25,200,P-SMD,PS01,0737850474AA,"PD, PRODUCT, L85E70NA_HVD(BN44-01429A)",0137850179CA,2
2026-06-25,200,P-SMD,PS02,0737551425AA,"ASSY, JOINT, L55S7_HVD(BN44-01420E), PCB, M/I",0537551263AA,5831
2026-06-25,200,P-SMD,PS04,0737651754AA,"ASSY, JOINT, L65S7_HVD(BN44-01421A)",0537651444AA,2
2026-06-25,300,P-PBA,PM07,0537551241AA,"PD, PRODUCT, L55CA9N_HVD(BN44-01395A)",0137556089CA,213
2026-06-25,300,P-PBA,PM06,0537551249AA,"PD, PRODUCT, L55E70A_HVD(BN44-01426A)",0137556092CA,1694
2026-06-25,300,P-PBA,PM06,0537551280AA,"PD, PRODUCT, L55E70NA_HVD(BN44-01426B)",0137556107CA,1684
2026-06-25,300,P-PBA,PM02,0537551282AA,"PD, PRODUCT, L55S7_HVD(BN44-01420E)",0137556113CA,1362
2026-06-25,300,P-PBA,PM05,0537551282AA,"PD, PRODUCT, L55S7_HVD(BN44-01420E)",0137556113CA,1
2026-06-25,300,P-PBA,PM01,0537651385AA,"PD, PRODUCT, L65CA9N_HVD(BN44-01396A)",0137650478CA,3
2026-06-25,300,P-PBA,PM04,0537651385AA,"PD, PRODUCT, L65CA9N_HVD(BN44-01396A)",0137650478CA,2677
2026-06-25,300,P-PBA,PM01,0537651420AA,"PD, PRODUCT, L65S7_HVD(BN44-01421A)",0137650504CA,6
2026-06-25,300,P-PBA,PM04,0537651420AA,"PD, PRODUCT, L65S7_HVD(BN44-01421A)",0137650504CA,2
2026-06-25,300,P-PBA,PM05,0537651420AA,"PD, PRODUCT, L65S7_HVD(BN44-01421A)",0137650504CA,2314
2026-06-25,300,P-PBA,PM01,0537651441AA,"PD, PRODUCT, L65S8N_HVD (BN44-01433B)",0137650517CA,6
2026-06-25,300,P-PBA,PM05,0537651441AA,"PD, PRODUCT, L65S8N_HVD (BN44-01433B)",0137650517CA,78
2026-06-25,300,P-PBA,PM05,0537651439AA,"PD, PRODUCT, L65FE8N_HHS(BN44-01441A)",0137650521CA,1253
2026-06-25,300,P-PBA,PM05,0537651477PP,"PD, PRODUCT, L65SD7_HVD(BN44-XXXXXX)",0137650552PP,40
2026-06-25,300,P-PBA,PM01,0537751193AA,"PD, PRODUCT, L75S7_HVD(BN44-01422A)",0137750274CA,1
2026-06-25,300,P-PBA,PM03,0537751194AA,"PD, PRODUCT, L75S7A_HVD(BN44-01422B)",0137750275CA,5565
2026-06-25,300,P-PBA,PM01,0537830062AA,"PD, PRODUCT, L83CA9N_HVD(BN44-01398A)",0137830051CA,3
2026-06-25,300,P-PBA,PM07,0537830062AA,"PD, PRODUCT, L83CA9N_HVD(BN44-01398A)",0137830051CA,976
2026-06-25,300,P-PBA,PM01,0537851147AA,"PD, PRODUCT, L85E70NA_HVD(BN44-01429A)",0137850179CA,2
2026-06-25,300,P-PBA,PM02,0537551263AA,"ASSY, JOINT, L55S7_HVD(BN44-01420E), PCB, M/I",0537551263AA,4352
2026-06-25,300,P-PBA,PM04,0537651444AA,"ASSY, JOINT, L65S7_HVD(BN44-01421A)",0537651444AA,53
2026-06-25,400,P-ATE,PD-ATE-07,0137556089CA,"PD, PRODUCT, L55CA9N_HVD(BN44-01395A)",0137556089CA,441
2026-06-25,400,P-ATE,PD-ATE-06,0137556092CA,"PD, PRODUCT, L55E70A_HVD(BN44-01426A)",0137556092CA,1719
2026-06-25,400,P-ATE,PD-ATE-06,0137556107CA,"PD, PRODUCT, L55E70NA_HVD(BN44-01426B)",0137556107CA,1691
2026-06-25,400,P-ATE,PD-ATE-02,0137556113CA,"PD, PRODUCT, L55S7_HVD(BN44-01420E)",0137556113CA,1378
2026-06-25,400,P-ATE,PD-ATE-04,0137650478CA,"PD, PRODUCT, L65CA9N_HVD(BN44-01396A)",0137650478CA,2755
2026-06-25,400,P-ATE,PD-ATE-05,0137650504CA,"PD, PRODUCT, L65S7_HVD(BN44-01421A)",0137650504CA,1933
2026-06-25,400,P-ATE,PD-ATE-05,0137650521CA,"PD, PRODUCT, L65FE8N_HHS(BN44-01441A)",0137650521CA,1349
2026-06-25,400,P-ATE,PD-ATE-05,0137650552PP,"PD, PRODUCT, L65SD7_HVD(BN44-XXXXXX)",0137650552PP,40
2026-06-25,400,P-ATE,PD-ATE-05,0137750274CA,"PD, PRODUCT, L75S7_HVD(BN44-01422A)",0137750274CA,1
2026-06-25,400,P-ATE,PD-ATE-03,0137750275CA,"PD, PRODUCT, L75S7A_HVD(BN44-01422B)",0137750275CA,5681
2026-06-25,400,P-ATE,PD-ATE-07,0137830051CA,"PD, PRODUCT, L83CA9N_HVD(BN44-01398A)",0137830051CA,801
2026-06-25,600,ASSY,DSP-03,0187550426CA,"3IN1, PRODUCT, U8000H",0187550426CA,8
2026-06-25,600,ASSY,DSP-03,0187550437CA,"3IN1, PRODUCT, M70H",0187550437CA,4849
2026-06-25,600,ASSY,DSP-03,0187580071CA,"3IN1, PRODUCT, U8000H",0187580071CA,86
2026-06-25,600,ASSY,DSP-03,0187750081CA,"3IN1, PRODUCT, BEFX-H",0187750081CA,1
2026-06-26,100,P-AUTO,PA10,0737482368AA,"PD, PRODUCT, L48CA9N_HVD(BN44-01394A)",0137480160CA,162
2026-06-26,100,P-AUTO,PA05,0737500072AA,"PD, PRODUCT, L50E60A_HVD(BN44-01425A)",0137500041CA,33
2026-06-26,100,P-AUTO,PA03,0737551382AA,"PD, PRODUCT, L55CA9N_HVD(BN44-01395A)",0137556089CA,1
2026-06-26,100,P-AUTO,PA02,0737551398AA,"PD, PRODUCT, L55E70A_HVD(BN44-01426A)",0137556092CA,2
2026-06-26,100,P-AUTO,PA07,0737551461AA,"PD, PRODUCT, L55E70NA_HVD(BN44-01426B)",0137556107CA,1
2026-06-26,100,P-AUTO,PA01,0737551465AA,"PD, PRODUCT, L55S7_HVD(BN44-01420E)",0137556113CA,4413
2026-06-26,100,P-AUTO,PA07,0737551465AA,"PD, PRODUCT, L55S7_HVD(BN44-01420E)",0137556113CA,2597
2026-06-26,100,P-AUTO,PA08,0737551465AA,"PD, PRODUCT, L55S7_HVD(BN44-01420E)",0137556113CA,2517
2026-06-26,100,P-AUTO,PA03,0737651637AA,"PD, PRODUCT, L65CA9N_HVD(BN44-01396A)",0137650478CA,1066
2026-06-26,100,P-AUTO,PA05,0737651637AA,"PD, PRODUCT, L65CA9N_HVD(BN44-01396A)",0137650478CA,2507
2026-06-26,100,P-AUTO,PA01,0737651707AA,"PD, PRODUCT, L65S7_HVD(BN44-01421A)",0137650504CA,10
2026-06-26,100,P-AUTO,PA02,0737651709AA,"PD, PRODUCT, L65S7A_HVD(BN44-01421B)",0137650505CA,674
2026-06-26,100,P-AUTO,PA02,0737651749AA,"PD, PRODUCT, L65S8N_HVD (BN44-01433B)",0137650517CA,2986
2026-06-26,100,P-AUTO,PA04,0737751364AA,"PD, PRODUCT, L75S7A_HVD(BN44-01422B)",0137750275CA,3529
2026-06-26,100,P-AUTO,PA03,0737751386AA,"PD, PRODUCT, L75E70NA_HVD(BN44-01428A)",0137750280CA,1371
2026-06-26,100,P-AUTO,PA10,0737830087AA,"PD, PRODUCT, L83CA9N_FVD(BN44-01326A)",0137830039CA,35
2026-06-26,100,P-AUTO,PA10,0737830093AA,"PD, PRODUCT, L83CA9N_FHS(BN44-01371A)",0137830042CA,50
2026-06-26,100,P-AUTO,PA05,0737830116AA,"PD, PRODUCT, L83CA9N_HVD(BN44-01398A)",0137830051CA,4
2026-06-26,100,P-AUTO,PA10,0737830116AA,"PD, PRODUCT, L83CA9N_HVD(BN44-01398A)",0137830051CA,8
2026-06-26,100,P-AUTO,PA10,0737850475AA,"PD, PRODUCT, L85E70NA_HVD(BN44-01429A)",0137850179CA,799
2026-06-26,100,P-AUTO,PA10,0737850481AA,"PD, PRODUCT, L85E70NW_HVD(BN44-01429B)",0137850186CA,110
2026-06-26,200,P-SMD,PS03,0737430075AA,"PD, PRODUCT, L43E60A_HVD(BN44-01424A)",0137430033CA,1
2026-06-26,200,P-SMD,PS03,0737500071AA,"PD, PRODUCT, L50E60A_HVD(BN44-01425A)",0137500041CA,2171
2026-06-26,200,P-SMD,PS11,0737500071AA,"PD, PRODUCT, L50E60A_HVD(BN44-01425A)",0137500041CA,3
2026-06-26,200,P-SMD,PS01,0737551381AA,"PD, PRODUCT, L55CA9N_HVD(BN44-01395A)",0137556089CA,5
2026-06-26,200,P-SMD,PS04,0737551381AA,"PD, PRODUCT, L55CA9N_HVD(BN44-01395A)",0137556089CA,1
2026-06-26,200,P-SMD,PS07,0737551381AA,"PD, PRODUCT, L55CA9N_HVD(BN44-01395A)",0137556089CA,5
2026-06-26,200,P-SMD,PS11,0737551381AA,"PD, PRODUCT, L55CA9N_HVD(BN44-01395A)",0137556089CA,472
2026-06-26,200,P-SMD,PS01,0737551397AA,"PD, PRODUCT, L55E70A_HVD(BN44-01426A)",0137556092CA,2
2026-06-26,200,P-SMD,PS04,0737551397AA,"PD, PRODUCT, L55E70A_HVD(BN44-01426A)",0137556092CA,3
2026-06-26,200,P-SMD,PS08,0737551397AA,"PD, PRODUCT, L55E70A_HVD(BN44-01426A)",0137556092CA,5
2026-06-26,200,P-SMD,PS01,0737551460AA,"PD, PRODUCT, L55E70NA_HVD(BN44-01426B)",0137556107CA,1
2026-06-26,200,P-SMD,PS02,0737551460AA,"PD, PRODUCT, L55E70NA_HVD(BN44-01426B)",0137556107CA,32
2026-06-26,200,P-SMD,PS05,0737551460AA,"PD, PRODUCT, L55E70NA_HVD(BN44-01426B)",0137556107CA,4
2026-06-26,200,P-SMD,PS08,0737551460AA,"PD, PRODUCT, L55E70NA_HVD(BN44-01426B)",0137556107CA,1261
2026-06-26,200,P-SMD,PS01,0737551464AA,"PD, PRODUCT, L55S7_HVD(BN44-01420E)",0137556113CA,1
2026-06-26,200,P-SMD,PS02,0737551464AA,"PD, PRODUCT, L55S7_HVD(BN44-01420E)",0137556113CA,1930
2026-06-26,200,P-SMD,PS06,0737551464AA,"PD, PRODUCT, L55S7_HVD(BN44-01420E)",0137556113CA,2975
2026-06-26,200,P-SMD,PS08,0737551464AA,"PD, PRODUCT, L55S7_HVD(BN44-01420E)",0137556113CA,1638
2026-06-26,200,P-SMD,PS01,0737651636AA,"PD, PRODUCT, L65CA9N_HVD(BN44-01396A)",0137650478CA,2457
2026-06-26,200,P-SMD,PS03,0737651636AA,"PD, PRODUCT, L65CA9N_HVD(BN44-01396A)",0137650478CA,297
2026-06-26,200,P-SMD,PS11,0737651636AA,"PD, PRODUCT, L65CA9N_HVD(BN44-01396A)",0137650478CA,7
2026-06-26,200,P-SMD,PS02,0737651682AA,"PD, PRODUCT, L65S8_HVD (BN44-01433A)",0137650496CA,3
2026-06-26,200,P-SMD,PS04,0737651708AA,"PD, PRODUCT, L65S7A_HVD(BN44-01421B)",0137650505CA,602
2026-06-26,200,P-SMD,PS04,0737651748AA,"PD, PRODUCT, L65S8N_HVD (BN44-01433B)",0137650517CA,3426
2026-06-26,200,P-SMD,PS04,0737651744AA,"PD, PRODUCT, L65FE8N_HHS(BN44-01441A)",0137650521CA,1
2026-06-26,200,P-SMD,PS11,0737651744AA,"PD, PRODUCT, L65FE8N_HHS(BN44-01441A)",0137650521CA,14
2026-06-26,200,P-SMD,PS03,0737751363AA,"PD, PRODUCT, L75S7A_HVD(BN44-01422B)",0137750275CA,17
2026-06-26,200,P-SMD,PS04,0737751363AA,"PD, PRODUCT, L75S7A_HVD(BN44-01422B)",0137750275CA,1
2026-06-26,200,P-SMD,PS05,0737751363AA,"PD, PRODUCT, L75S7A_HVD(BN44-01422B)",0137750275CA,3712
2026-06-26,200,P-SMD,PS02,0737751385AA,"PD, PRODUCT, L75E70NA_HVD(BN44-01428A)",0137750280CA,973
2026-06-26,200,P-SMD,PS08,0737751385AA,"PD, PRODUCT, L75E70NA_HVD(BN44-01428A)",0137750280CA,1
2026-06-26,200,P-SMD,PS11,0737830115AA,"PD, PRODUCT, L83CA9N_HVD(BN44-01398A)",0137830051CA,145
2026-06-26,200,P-SMD,PS02,0737551425AA,"ASSY, JOINT, L55S7_HVD(BN44-01420E), PCB, M/I",0537551263AA,211
2026-06-26,200,P-SMD,PS06,0737551425AA,"ASSY, JOINT, L55S7_HVD(BN44-01420E), PCB, M/I",0537551263AA,308
2026-06-26,200,P-SMD,PS02,0737651682AA,"ASSY, JOINT, L55S7_HVD(BN44-01420E), PCB, M/I",0537551263AA,4
2026-06-26,300,P-PBA,PM05,0537430035AA,"PD, PRODUCT, L43E60A_HVD(BN44-01424A)",0137430033CA,100
2026-06-26,300,P-PBA,PM07,0537500042AA,"PD, PRODUCT, L50E60A_HVD(BN44-01425A)",0137500041CA,1817
2026-06-26,300,P-PBA,PM01,0537551241AA,"PD, PRODUCT, L55CA9N_HVD(BN44-01395A)",0137556089CA,5
2026-06-26,300,P-PBA,PM07,0537551241AA,"PD, PRODUCT, L55CA9N_HVD(BN44-01395A)",0137556089CA,139
2026-06-26,300,P-PBA,PM01,0537551249AA,"PD, PRODUCT, L55E70A_HVD(BN44-01426A)",0137556092CA,1
2026-06-26,300,P-PBA,PM04,0537551280AA,"PD, PRODUCT, L55E70NA_HVD(BN44-01426B)",0137556107CA,1
2026-06-26,300,P-PBA,PM06,0537551280AA,"PD, PRODUCT, L55E70NA_HVD(BN44-01426B)",0137556107CA,1396
2026-06-26,300,P-PBA,PM01,0537551282AA,"PD, PRODUCT, L55S7_HVD(BN44-01420E)",0137556113CA,3
2026-06-26,300,P-PBA,PM02,0537551282AA,"PD, PRODUCT, L55S7_HVD(BN44-01420E)",0137556113CA,3527
2026-06-26,300,P-PBA,PM03,0537551282AA,"PD, PRODUCT, L55S7_HVD(BN44-01420E)",0137556113CA,1895
2026-06-26,300,P-PBA,PM04,0537651385AA,"PD, PRODUCT, L65CA9N_HVD(BN44-01396A)",0137650478CA,3032
2026-06-26,300,P-PBA,PM01,0537651408AA,"PD, PRODUCT, L65S8_HVD (BN44-01433A)",0137650496CA,3
2026-06-26,300,P-PBA,PM05,0537651420AA,"PD, PRODUCT, L65S7_HVD(BN44-01421A)",0137650504CA,66
2026-06-26,300,P-PBA,PM05,0537651421AA,"PD, PRODUCT, L65S7A_HVD(BN44-01421B)",0137650505CA,13
2026-06-26,300,P-PBA,PM05,0537651441AA,"PD, PRODUCT, L65S8N_HVD (BN44-01433B)",0137650517CA,3872
2026-06-26,300,P-PBA,PM01,0537651439AA,"PD, PRODUCT, L65FE8N_HHS(BN44-01441A)",0137650521CA,14
2026-06-26,300,P-PBA,PM05,0537651439AA,"PD, PRODUCT, L65FE8N_HHS(BN44-01441A)",0137650521CA,66
2026-06-26,300,P-PBA,PM03,0537751194AA,"PD, PRODUCT, L75S7A_HVD(BN44-01422B)",0137750275CA,3601
2026-06-26,300,P-PBA,PM06,0537751205AA,"PD, PRODUCT, L75E70NA_HVD(BN44-01428A)",0137750280CA,1166
2026-06-26,300,P-PBA,PM07,0537830062AA,"PD, PRODUCT, L83CA9N_HVD(BN44-01398A)",0137830051CA,310
2026-06-26,300,P-PBA,PM02,0537551263AA,"ASSY, JOINT, L55S7_HVD(BN44-01420E), PCB, M/I",0537551263AA,2023
2026-06-26,400,P-ATE,PD-ATE-07,0137500041CA,"PD, PRODUCT, L50E60A_HVD(BN44-01425A)",0137500041CA,1705
2026-06-26,400,P-ATE,PD-ATE-04,0137556107CA,"PD, PRODUCT, L55E70NA_HVD(BN44-01426B)",0137556107CA,74
2026-06-26,400,P-ATE,PD-ATE-06,0137556107CA,"PD, PRODUCT, L55E70NA_HVD(BN44-01426B)",0137556107CA,1309
2026-06-26,400,P-ATE,PD-ATE-02,0137556113CA,"PD, PRODUCT, L55S7_HVD(BN44-01420E)",0137556113CA,3483
2026-06-26,400,P-ATE,PD-ATE-03,0137556113CA,"PD, PRODUCT, L55S7_HVD(BN44-01420E)",0137556113CA,1864
2026-06-26,400,P-ATE,PD-ATE-04,0137650478CA,"PD, PRODUCT, L65CA9N_HVD(BN44-01396A)",0137650478CA,3046
2026-06-26,400,P-ATE,PD-ATE-05,0137650504CA,"PD, PRODUCT, L65S7_HVD(BN44-01421A)",0137650504CA,303
2026-06-26,400,P-ATE,PD-ATE-05,0137650517CA,"PD, PRODUCT, L65S8N_HVD (BN44-01433B)",0137650517CA,3968
2026-06-26,400,P-ATE,PD-ATE-03,0137750275CA,"PD, PRODUCT, L75S7A_HVD(BN44-01422B)",0137750275CA,3635
2026-06-26,400,P-ATE,PD-ATE-06,0137750280CA,"PD, PRODUCT, L75E70NA_HVD(BN44-01428A)",0137750280CA,1179
2026-06-26,400,P-ATE,PD-ATE-07,0137830051CA,"PD, PRODUCT, L83CA9N_HVD(BN44-01398A)",0137830051CA,455
2026-06-26,600,ASSY,DSP-03,0187550437CA,"3IN1, PRODUCT, M70H",0187550437CA,2149
2026-06-26,600,ASSY,DSP-03,0187580071CA,"3IN1, PRODUCT, U8000H",0187580071CA,3
2026-06-27,100,P-AUTO,PA10,0737482368AA,"PD, PRODUCT, L48CA9N_HVD(BN44-01394A)",0137480160CA,1085
2026-06-27,100,P-AUTO,PA03,0737551382AA,"PD, PRODUCT, L55CA9N_HVD(BN44-01395A)",0137556089CA,14
2026-06-27,100,P-AUTO,PA08,0737551398AA,"PD, PRODUCT, L55E70A_HVD(BN44-01426A)",0137556092CA,56
2026-06-27,100,P-AUTO,PA01,0737551465AA,"PD, PRODUCT, L55S7_HVD(BN44-01420E)",0137556113CA,4250
2026-06-27,100,P-AUTO,PA02,0737551465AA,"PD, PRODUCT, L55S7_HVD(BN44-01420E)",0137556113CA,9
2026-06-27,100,P-AUTO,PA07,0737551465AA,"PD, PRODUCT, L55S7_HVD(BN44-01420E)",0137556113CA,3139
2026-06-27,100,P-AUTO,PA08,0737551465AA,"PD, PRODUCT, L55S7_HVD(BN44-01420E)",0137556113CA,2615
2026-06-27,100,P-AUTO,PA03,0737651637AA,"PD, PRODUCT, L65CA9N_HVD(BN44-01396A)",0137650478CA,3
2026-06-27,100,P-AUTO,PA05,0737651637AA,"PD, PRODUCT, L65CA9N_HVD(BN44-01396A)",0137650478CA,2258
2026-06-27,100,P-AUTO,PA02,0737651683AA,"PD, PRODUCT, L65S8_HVD (BN44-01433A)",0137650496CA,739
2026-06-27,100,P-AUTO,PA03,0737651683AA,"PD, PRODUCT, L65S8_HVD (BN44-01433A)",0137650496CA,8
2026-06-27,100,P-AUTO,PA01,0737651707AA,"PD, PRODUCT, L65S7_HVD(BN44-01421A)",0137650504CA,3
2026-06-27,100,P-AUTO,PA01,0737651709AA,"PD, PRODUCT, L65S7A_HVD(BN44-01421B)",0137650505CA,13
2026-06-27,100,P-AUTO,PA02,0737651709AA,"PD, PRODUCT, L65S7A_HVD(BN44-01421B)",0137650505CA,2915
2026-06-27,100,P-AUTO,PA08,0737651709AA,"PD, PRODUCT, L65S7A_HVD(BN44-01421B)",0137650505CA,1
2026-06-27,100,P-AUTO,PA04,0737651711AA,"PD, PRODUCT, L65S7N_HVD(BN44-01421C)",0137650506CA,3896
2026-06-27,100,P-AUTO,PA07,0737651729AA,"PD, PRODUCT, L65E70A_HVD(BN44-01427A)",0137650511CA,16
2026-06-27,100,P-AUTO,PA08,0737651729AA,"PD, PRODUCT, L65E70A_HVD(BN44-01427A)",0137650511CA,105
2026-06-27,100,P-AUTO,PA10,0737651809AA,"PD, PRODUCT, P6519_HHS(BN44-01430A)",0137650544CA,1947
2026-06-27,100,P-AUTO,PA04,0737751362AA,"PD, PRODUCT, L75S7_HVD(BN44-01422A)",0137750274CA,4
2026-06-27,100,P-AUTO,PA02,0737751364AA,"PD, PRODUCT, L75S7A_HVD(BN44-01422B)",0137750275CA,1
2026-06-27,100,P-AUTO,PA03,0737751386AA,"PD, PRODUCT, L75E70NA_HVD(BN44-01428A)",0137750280CA,2233
2026-06-27,100,P-AUTO,PA05,0737850475AA,"PD, PRODUCT, L85E70NA_HVD(BN44-01429A)",0137850179CA,1
2026-06-27,100,P-AUTO,PA01,0737551426AA,"ASSY, JOINT, L55S7_HVD(BN44-01420E), PCB, M/I",0537551263AA,128
2026-06-27,200,P-SMD,PS03,0737500071AA,"PD, PRODUCT, L50E60A_HVD(BN44-01425A)",0137500041CA,1
2026-06-27,200,P-SMD,PS01,0737551381AA,"PD, PRODUCT, L55CA9N_HVD(BN44-01395A)",0137556089CA,16
2026-06-27,200,P-SMD,PS04,0737551381AA,"PD, PRODUCT, L55CA9N_HVD(BN44-01395A)",0137556089CA,4
2026-06-27,200,P-SMD,PS11,0737551381AA,"PD, PRODUCT, L55CA9N_HVD(BN44-01395A)",0137556089CA,10
2026-06-27,200,P-SMD,PS05,0737551397AA,"PD, PRODUCT, L55E70A_HVD(BN44-01426A)",0137556092CA,1137
2026-06-27,200,P-SMD,PS03,0737551407AA,"PD, PRODUCT, L55F70NA_HHS(BN44-01438A)",0137556101CA,169
2026-06-27,200,P-SMD,PS02,0737551464AA,"PD, PRODUCT, L55S7_HVD(BN44-01420E)",0137556113CA,11
2026-06-27,200,P-SMD,PS05,0737551464AA,"PD, PRODUCT, L55S7_HVD(BN44-01420E)",0137556113CA,166
2026-06-27,200,P-SMD,PS06,0737551464AA,"PD, PRODUCT, L55S7_HVD(BN44-01420E)",0137556113CA,4158
2026-06-27,200,P-SMD,PS08,0737551464AA,"PD, PRODUCT, L55S7_HVD(BN44-01420E)",0137556113CA,3377
2026-06-27,200,P-SMD,PS01,0737651636AA,"PD, PRODUCT, L65CA9N_HVD(BN44-01396A)",0137650478CA,2453
2026-06-27,200,P-SMD,PS03,0737651636AA,"PD, PRODUCT, L65CA9N_HVD(BN44-01396A)",0137650478CA,163
2026-06-27,200,P-SMD,PS04,0737651706AA,"PD, PRODUCT, L65S7_HVD(BN44-01421A)",0137650504CA,91
2026-06-27,200,P-SMD,PS01,0737651708AA,"PD, PRODUCT, L65S7A_HVD(BN44-01421B)",0137650505CA,54
2026-06-27,200,P-SMD,PS03,0737651708AA,"PD, PRODUCT, L65S7A_HVD(BN44-01421B)",0137650505CA,4
2026-06-27,200,P-SMD,PS04,0737651708AA,"PD, PRODUCT, L65S7A_HVD(BN44-01421B)",0137650505CA,2586
2026-06-27,200,P-SMD,PS08,0737651708AA,"PD, PRODUCT, L65S7A_HVD(BN44-01421B)",0137650505CA,84
2026-06-27,200,P-SMD,PS04,0737651710AA,"PD, PRODUCT, L65S7N_HVD(BN44-01421C)",0137650506CA,822
2026-06-27,200,P-SMD,PS03,0737651808AA,"PD, PRODUCT, P6519_HHS(BN44-01430A)",0137650544CA,1099
2026-06-27,200,P-SMD,PS03,0737751363AA,"PD, PRODUCT, L75S7A_HVD(BN44-01422B)",0137750275CA,833
2026-06-27,200,P-SMD,PS05,0737751363AA,"PD, PRODUCT, L75S7A_HVD(BN44-01422B)",0137750275CA,2
2026-06-27,200,P-SMD,PS02,0737751385AA,"PD, PRODUCT, L75E70NA_HVD(BN44-01428A)",0137750280CA,2287
2026-06-27,200,P-SMD,PS11,0737830086AA,"PD, PRODUCT, L83CA9N_FVD(BN44-01326A)",0137830039CA,34
2026-06-27,200,P-SMD,PS01,0737850474AA,"PD, PRODUCT, L85E70NA_HVD(BN44-01429A)",0137850179CA,40
2026-06-27,200,P-SMD,PS11,0737850474AA,"PD, PRODUCT, L85E70NA_HVD(BN44-01429A)",0137850179CA,772
2026-06-27,200,P-SMD,PS11,0737850480AA,"PD, PRODUCT, L85E70NW_HVD(BN44-01429B)",0137850186CA,110
2026-06-27,200,P-SMD,PS03,0737551425AA,"ASSY, JOINT, L55S7_HVD(BN44-01420E), PCB, M/I",0537551263AA,4
2026-06-27,300,P-PBA,PM07,0537500042AA,"PD, PRODUCT, L50E60A_HVD(BN44-01425A)",0137500041CA,1147
2026-06-27,300,P-PBA,PM07,0537551241AA,"PD, PRODUCT, L55CA9N_HVD(BN44-01395A)",0137556089CA,400
2026-06-27,300,P-PBA,PM02,0537551282AA,"PD, PRODUCT, L55S7_HVD(BN44-01420E)",0137556113CA,4723
2026-06-27,300,P-PBA,PM03,0537551282AA,"PD, PRODUCT, L55S7_HVD(BN44-01420E)",0137556113CA,4860
2026-06-27,300,P-PBA,PM04,0537651385AA,"PD, PRODUCT, L65CA9N_HVD(BN44-01396A)",0137650478CA,3074
2026-06-27,300,P-PBA,PM05,0537651421AA,"PD, PRODUCT, L65S7A_HVD(BN44-01421B)",0137650505CA,3401
2026-06-27,300,P-PBA,PM06,0537651471AA,"PD, PRODUCT, P6519_HHS(BN44-01430A)",0137650544CA,311
2026-06-27,300,P-PBA,PM06,0537751205AA,"PD, PRODUCT, L75E70NA_HVD(BN44-01428A)",0137750280CA,1947
2026-06-27,300,P-PBA,PM02,0537551263AA,"ASSY, JOINT, L55S7_HVD(BN44-01420E), PCB, M/I",0537551263AA,25
2026-06-27,400,P-ATE,PD-ATE-07,0137480160CA,"PD, PRODUCT, L48CA9N_HVD(BN44-01394A)",0137480160CA,105
2026-06-27,400,P-ATE,PD-ATE-07,0137500041CA,"PD, PRODUCT, L50E60A_HVD(BN44-01425A)",0137500041CA,1237
2026-06-27,400,P-ATE,PD-ATE-07,0137556089CA,"PD, PRODUCT, L55CA9N_HVD(BN44-01395A)",0137556089CA,616
2026-06-27,400,P-ATE,PD-ATE-02,0137556113CA,"PD, PRODUCT, L55S7_HVD(BN44-01420E)",0137556113CA,4790
2026-06-27,400,P-ATE,PD-ATE-03,0137556113CA,"PD, PRODUCT, L55S7_HVD(BN44-01420E)",0137556113CA,4860
2026-06-27,400,P-ATE,PD-ATE-04,0137650478CA,"PD, PRODUCT, L65CA9N_HVD(BN44-01396A)",0137650478CA,3024
2026-06-27,400,P-ATE,PD-ATE-05,0137650504CA,"PD, PRODUCT, L65S7_HVD(BN44-01421A)",0137650504CA,45
2026-06-27,400,P-ATE,PD-ATE-05,0137650505CA,"PD, PRODUCT, L65S7A_HVD(BN44-01421B)",0137650505CA,3106
2026-06-27,400,P-ATE,PD-ATE-10,0137650505CA,"PD, PRODUCT, L65S7A_HVD(BN44-01421B)",0137650505CA,276
2026-06-27,400,P-ATE,PD-ATE-06,0137750280CA,"PD, PRODUCT, L75E70NA_HVD(BN44-01428A)",0137750280CA,1935
2026-06-28,100,P-AUTO,PA01,0737482368AA,"PD, PRODUCT, L48CA9N_HVD(BN44-01394A)",0137480160CA,1
2026-06-28,100,P-AUTO,PA10,0737482368AA,"PD, PRODUCT, L48CA9N_HVD(BN44-01394A)",0137480160CA,543
2026-06-28,100,P-AUTO,PA02,0737551465AA,"PD, PRODUCT, L55S7_HVD(BN44-01420E)",0137556113CA,1237
2026-06-28,100,P-AUTO,PA07,0737551465AA,"PD, PRODUCT, L55S7_HVD(BN44-01420E)",0137556113CA,1
2026-06-28,100,P-AUTO,PA10,0737551465AA,"PD, PRODUCT, L55S7_HVD(BN44-01420E)",0137556113CA,70
2026-06-28,100,P-AUTO,PA03,0737651637AA,"PD, PRODUCT, L65CA9N_HVD(BN44-01396A)",0137650478CA,828
2026-06-28,100,P-AUTO,PA05,0737651637AA,"PD, PRODUCT, L65CA9N_HVD(BN44-01396A)",0137650478CA,1508
2026-06-28,100,P-AUTO,PA02,0737651683AA,"PD, PRODUCT, L65S8_HVD (BN44-01433A)",0137650496CA,554
2026-06-28,100,P-AUTO,PA04,0737651709AA,"PD, PRODUCT, L65S7A_HVD(BN44-01421B)",0137650505CA,699
2026-06-28,100,P-AUTO,PA04,0737651711AA,"PD, PRODUCT, L65S7N_HVD(BN44-01421C)",0137650506CA,276
2026-06-28,100,P-AUTO,PA07,0737651729AA,"PD, PRODUCT, L65E70A_HVD(BN44-01427A)",0137650511CA,905
2026-06-28,100,P-AUTO,PA08,0737651729AA,"PD, PRODUCT, L65E70A_HVD(BN44-01427A)",0137650511CA,936
2026-06-28,100,P-AUTO,PA10,0737651809AA,"PD, PRODUCT, P6519_HHS(BN44-01430A)",0137650544CA,10
2026-06-28,100,P-AUTO,PA04,0737751364AA,"PD, PRODUCT, L75S7A_HVD(BN44-01422B)",0137750275CA,775
2026-06-28,100,P-AUTO,PA03,0737751386AA,"PD, PRODUCT, L75E70NA_HVD(BN44-01428A)",0137750280CA,279
2026-06-28,100,P-AUTO,PA01,0737551426AA,"ASSY, JOINT, L55S7_HVD(BN44-01420E), PCB, M/I",0537551263AA,2014
2026-06-28,200,P-SMD,PS11,0737482367AA,"PD, PRODUCT, L48CA9N_HVD(BN44-01394A)",0137480160CA,524
2026-06-28,200,P-SMD,PS01,0737551464AA,"PD, PRODUCT, L55S7_HVD(BN44-01420E)",0137556113CA,1
2026-06-28,200,P-SMD,PS02,0737551464AA,"PD, PRODUCT, L55S7_HVD(BN44-01420E)",0137556113CA,3
2026-06-28,200,P-SMD,PS05,0737551464AA,"PD, PRODUCT, L55S7_HVD(BN44-01420E)",0137556113CA,333
2026-06-28,200,P-SMD,PS06,0737551464AA,"PD, PRODUCT, L55S7_HVD(BN44-01420E)",0137556113CA,1859
2026-06-28,200,P-SMD,PS08,0737551464AA,"PD, PRODUCT, L55S7_HVD(BN44-01420E)",0137556113CA,678
2026-06-28,200,P-SMD,PS11,0737551464AA,"PD, PRODUCT, L55S7_HVD(BN44-01420E)",0137556113CA,951
2026-06-28,200,P-SMD,PS01,0737651636AA,"PD, PRODUCT, L65CA9N_HVD(BN44-01396A)",0137650478CA,1135
2026-06-28,200,P-SMD,PS03,0737651636AA,"PD, PRODUCT, L65CA9N_HVD(BN44-01396A)",0137650478CA,8
2026-06-28,200,P-SMD,PS11,0737651636AA,"PD, PRODUCT, L65CA9N_HVD(BN44-01396A)",0137650478CA,1
2026-06-28,200,P-SMD,PS04,0737651708AA,"PD, PRODUCT, L65S7A_HVD(BN44-01421B)",0137650505CA,2
2026-06-28,200,P-SMD,PS06,0737651708AA,"PD, PRODUCT, L65S7A_HVD(BN44-01421B)",0137650505CA,480
2026-06-28,200,P-SMD,PS04,0737651710AA,"PD, PRODUCT, L65S7N_HVD(BN44-01421C)",0137650506CA,495
2026-06-28,200,P-SMD,PS05,0737651710AA,"PD, PRODUCT, L65S7N_HVD(BN44-01421C)",0137650506CA,1680
2026-06-28,200,P-SMD,PS02,0737651728AA,"PD, PRODUCT, L65E70A_HVD(BN44-01427A)",0137650511CA,168
2026-06-28,200,P-SMD,PS03,0737651808AA,"PD, PRODUCT, P6519_HHS(BN44-01430A)",0137650544CA,858
2026-06-28,200,P-SMD,PS02,0737751385AA,"PD, PRODUCT, L75E70NA_HVD(BN44-01428A)",0137750280CA,7
2026-06-28,200,P-SMD,PS01,0737850474AA,"PD, PRODUCT, L85E70NA_HVD(BN44-01429A)",0137850179CA,11
2026-06-28,200,P-SMD,PS11,0737850474AA,"PD, PRODUCT, L85E70NA_HVD(BN44-01429A)",0137850179CA,23
2026-06-28,200,P-SMD,PS03,0737551425AA,"ASSY, JOINT, L55S7_HVD(BN44-01420E), PCB, M/I",0537551263AA,1054
2026-06-28,300,P-PBA,PM05,0537551249AA,"PD, PRODUCT, L55E70A_HVD(BN44-01426A)",0137556092CA,246
2026-06-28,300,P-PBA,PM06,0537551254AA,"PD, PRODUCT, L55F70NA_HHS(BN44-01438A)",0137556101CA,151
2026-06-28,300,P-PBA,PM02,0537551282AA,"PD, PRODUCT, L55S7_HVD(BN44-01420E)",0137556113CA,2307
2026-06-28,300,P-PBA,PM04,0537651385AA,"PD, PRODUCT, L65CA9N_HVD(BN44-01396A)",0137650478CA,874
2026-06-28,300,P-PBA,PM05,0537651385AA,"PD, PRODUCT, L65CA9N_HVD(BN44-01396A)",0137650478CA,553
2026-06-28,300,P-PBA,PM03,0537651422AA,"PD, PRODUCT, L65S7N_HVD(BN44-01421C)",0137650506CA,2628
2026-06-28,300,P-PBA,PM07,0537651431AA,"PD, PRODUCT, L65E70A_HVD(BN44-01427A)",0137650511CA,1
2026-06-28,300,P-PBA,PM06,0537651471AA,"PD, PRODUCT, P6519_HHS(BN44-01430A)",0137650544CA,1447
2026-06-28,300,P-PBA,PM07,0537830062AA,"PD, PRODUCT, L83CA9N_HVD(BN44-01398A)",0137830051CA,2
2026-06-28,400,P-ATE,PD-ATE-07,0137430033CA,"PD, PRODUCT, L43E60A_HVD(BN44-01424A)",0137430033CA,204
2026-06-28,400,P-ATE,PD-ATE-07,0137480160CA,"PD, PRODUCT, L48CA9N_HVD(BN44-01394A)",0137480160CA,14
2026-06-28,400,P-ATE,PD-ATE-05,0137556092CA,"PD, PRODUCT, L55E70A_HVD(BN44-01426A)",0137556092CA,185
2026-06-28,400,P-ATE,PD-ATE-06,0137556101CA,"PD, PRODUCT, L55F70NA_HHS(BN44-01438A)",0137556101CA,30
2026-06-28,400,P-ATE,PD-ATE-02,0137556113CA,"PD, PRODUCT, L55S7_HVD(BN44-01420E)",0137556113CA,2263
2026-06-28,400,P-ATE,PD-ATE-04,0137650478CA,"PD, PRODUCT, L65CA9N_HVD(BN44-01396A)",0137650478CA,1118
2026-06-28,400,P-ATE,PD-ATE-05,0137650478CA,"PD, PRODUCT, L65CA9N_HVD(BN44-01396A)",0137650478CA,350
2026-06-28,400,P-ATE,PD-ATE-03,0137650506CA,"PD, PRODUCT, L65S7N_HVD(BN44-01421C)",0137650506CA,2440
2026-06-28,400,P-ATE,PD-ATE-07,0137650511CA,"PD, PRODUCT, L65E70A_HVD(BN44-01427A)",0137650511CA,82
2026-06-28,400,P-ATE,PD-ATE-06,0137650544CA,"PD, PRODUCT, P6519_HHS(BN44-01430A)",0137650544CA,1731
2026-06-28,400,P-ATE,PD-ATE-07,0137830051CA,"PD, PRODUCT, L83CA9N_HVD(BN44-01398A)",0137830051CA,79
